"IRCC campaigns (E/F)","Visits",
"Cambios en los requisitos para las autorizaciones electrónicas de viaje (eTA) y las visas de visitante para los ciudadanos mexicanos",12366,
"Changes to electronic travel authorization (eTA) and visitor visa requirements for Mexican citizens",5186,
"An Immigration System for Canada’s Future: Strengthening our communities",3606,
"Immigrer dans une communauté francophone hors du Québec",2441,
"Immigrate to a Francophone community outside Quebec",1874,
"Choisir le Canada",1576,
"Un système d’immigration pour l’avenir du Canada : renforcer nos collectivités",1520,
"Newcomer services",1193,
"Canada wants top talent from around the world",969,
"#ImmigrationMatters: Canada’s immigration track record",888,
