#=================================================================,,,,,,,,,,
# Traffic (updated),,,,,,,,,,
# Report suite: GC,,,,,,,,,,
"# Date: Feb 1, 2025 - Feb 28, 2025",,,,,,,,,,
"# Segments: IRCC - EN & FR, Public traffic",,,,,,,,,,
#=================================================================,,,,,,,,,,
,,,,,,,,,,
,,,,,,,,,,
##############################################,,,,,,,,,,
# Traffic,,,,,,,,,,
##############################################,,,,,,,,,,
,Daily average visits,Daily average visits,Visits,"Jan 1, 2025 - Jan 31, 2025",Page Views,"Jan 1, 2025 - Jan 31, 2025",Page Views per Visit,"Jan 1, 2025 - Jan 31, 2025",Daily average page views,"Jan 1, 2025 - Jan 31, 2025"
,Daily average visits,"Jan 1, 2025 - Jan 31, 2025",Visits,Visits,Page Views,Page Views,Page Views per Visit,Page Views per Visit,Daily average page views,Daily average page views
Month,812525.5357142857,853600.6333333333,22750715,25608019,73417914,83254292,3.227059633070873,3.251102398822806,2622068.357142857,2775143.066666667
2/1/2025,812525.5357142857,853600.6333333333,22750715,25608019,73417914,83254292,3.2270596330708727,3.2511023988228063,2622068.3571428573,2775143.066666667
,,,,,,,,,,
,,,,,,,,,,
#=================================================================,,,,,,,,,,
# Mobile (updated),,,,,,,,,,
# Report suite: GC,,,,,,,,,,
"# Date: Feb 1, 2025 - Feb 28, 2025",,,,,,,,,,
"# Segments: IRCC - EN & FR, Public traffic",,,,,,,,,,
#=================================================================,,,,,,,,,,
,,,,,,,,,,
,,,,,,,,,,
##############################################,,,,,,,,,,
# Device types,,,,,,,,,,
##############################################,,,,,,,,,,
,Visits,,,,,,,,,
Device Type (v4),22778809,,,,,,,,,
mobile,12629117,,,,,,,,,
desktop,9791839,,,,,,,,,
tablet,357853,,,,,,,,,
,,,,,,,,,,
,,,,,,,,,,
##############################################,,,,,,,,,,
# Top mobile pages (updated),,,,,,,,,,
##############################################,,,,,,,,,,
,% mobile visits (min 1K visits),,,,,,,,,
Page URL (v12),0.5548570249010524,,,,,,,,,
www.canada.ca/en/immigration-refugees-citizenship/campaigns/before-apply-india-hi.html,0.9609494640122511,,,,,,,,,
www.canada.ca/en/immigration-refugees-citizenship/campaigns/claiming-asylum-fa.html,0.941973841,,,,,,,,,
www.canada.ca/fr/immigration-refugies-citoyennete/organisation/publications-guides/renseignements-demandeurs-dasile-ar.html,0.9365036476627938,,,,,,,,,
www.canada.ca/en/immigration-refugees-citizenship/campaigns/claiming-asylum-ar.html,0.9341749956163423,,,,,,,,,
www.canada.ca/en/immigration-refugees-citizenship/campaigns/claiming-asylum-bn.html,0.9312169312169312,,,,,,,,,
,,,,,,,,,,
,,,,,,,,,,
#=================================================================,,,,,,,,,,
# Traffic sources (same),,,,,,,,,,
# Report suite: GC,,,,,,,,,,
"# Date: Feb 1, 2025 - Feb 28, 2025",,,,,,,,,,
"# Segments: IRCC - EN & FR, Public traffic",,,,,,,,,,
#=================================================================,,,,,,,,,,
,,,,,,,,,,
,,,,,,,,,,
##############################################,,,,,,,,,,
# Referrer types,,,,,,,,,,
##############################################,,,,,,,,,,
,,Entries,,,,,,,,
Referrer Type,,20317548,,,,,,,,
Search Engines,,10968945,,,,,,,,
Search Engines,Referring Domain,10968945,,,,,,,,
Search Engines,google.com,9343836,,,,,,,,
Search Engines,bing.com,635464,,,,,,,,
Search Engines,google.ca,499161,,,,,,,,
Search Engines,yahoo.com,171740,,,,,,,,
Search Engines,google.co.in,68634,,,,,,,,
Typed/Bookmarked,,6758544,,,,,,,,
Other Web Sites,,2016214,,,,,,,,
Social Networks,,573835,,,,,,,,
Social Networks,Referring Domain,573835,,,,,,,,
Social Networks,facebook.com,247261,,,,,,,,
Social Networks,linkedin.com,93974,,,,,,,,
Social Networks,lnkd.in,62856,,,,,,,,
Social Networks,youtube.com,58437,,,,,,,,
Social Networks,t.co,40281,,,,,,,,
Hard Drive,,10,,,,,,,,
,,,,,,,,,,
,,,,,,,,,,
#=================================================================,,,,,,,,,,
# Top content (same),,,,,,,,,,
# Report suite: GC,,,,,,,,,,
"# Date: Feb 1, 2025 - Feb 28, 2025",,,,,,,,,,
"# Segments: IRCC - EN & FR, Public traffic",,,,,,,,,,
#=================================================================,,,,,,,,,,
,,,,,,,,,,
,,,,,,,,,,
##############################################,,,,,,,,,,
# Top pages (E/F) ,,,,,,,,,,
##############################################,,,,,,,,,,
,Visits,,,,,,,,,
Page URL (v12),22750715,,,,,,,,,
www.canada.ca/en/immigration-refugees-citizenship/services/application/account.html,3692144,,,,,,,,,
www.canada.ca/en/services/immigration-citizenship.html,1887686,,,,,,,,,
www.canada.ca/en/immigration-refugees-citizenship/services/application/ircc-accounts.html,1630301,,,,,,,,,
www.canada.ca/en/immigration-refugees-citizenship/services/application/check-processing-times.html,1093415,,,,,,,,,
ircc.canada.ca/english/helpcentre/answer.asp,968638,,,,,,,,,
www.canada.ca/en/immigration-refugees-citizenship/services/application/check-status.html,890821,,,,,,,,,
www.canada.ca/en/immigration-refugees-citizenship/services/immigrate-canada/express-entry/check-score.html,773975,,,,,,,,,
www.canada.ca/fr/immigration-refugies-citoyennete/services/demande/compte.html,752478,,,,,,,,,
www.canada.ca/en/immigration-refugees-citizenship/services/immigrate-canada/express-entry/rounds-invitations.html,732121,,,,,,,,,
www.canada.ca/en/immigration-refugees-citizenship/services/application.html,594902,,,,,,,,,
,,,,,,,,,,
,,,,,,,,,,
##############################################,,,,,,,,,,
# Top 10 topics on theme page,,,,,,,,,,
##############################################,,,,,,,,,,
,,Activity Map Link Instances,,,,,,,,
Activity Map Page,,3190361,,,,,,,,
Immigration and citizenship,,3190361,,,,,,,,
Immigration and citizenship,Activity Map Link,695508,,,,,,,,
Immigration and citizenship,My application,306200,,,,,,,,
Immigration and citizenship,Immigrate,121062,,,,,,,,
Immigration and citizenship,Visit,88159,,,,,,,,
Immigration and citizenship,Work,83912,,,,,,,,
Immigration and citizenship,Study,42309,,,,,,,,
Immigration and citizenship,Citizenship,37051,,,,,,,,
Immigration and citizenship,Refugees and asylum,9466,,,,,,,,
Immigration and citizenship,Canadians,5596,,,,,,,,
Immigration and citizenship,Immigration fraud and scams,1723,,,,,,,,
Immigration and citizenship,Enforcement and violations,29,,,,,,,,
,,,,,,,,,,
,,,,,,,,,,
##############################################,,,,,,,,,,
# Top visit programs,,,,,,,,,,
##############################################,,,,,,,,,,
,,Activity Map Link Instances,,,,,,,,
Activity Map Page,,498725,,,,,,,,
Visit Canada,,498725,,,,,,,,
Visit Canada,Activity Map Link,229715,,,,,,,,
Visit Canada,Apply for a visitor visa,157257,,,,,,,,
Visit Canada,Apply for an Electronic Travel Authorization (eTA),26045,,,,,,,,
Visit Canada,Stay in Canada longer,19575,,,,,,,,
Visit Canada,Visitor visas for workers and students,13563,,,,,,,,
Visit Canada,Visit your children or grandchildren,7176,,,,,,,,
Visit Canada,Visit Canada on business,3106,,,,,,,,
Visit Canada,Transit through Canada,2993,,,,,,,,
,,,,,,,,,,
,,,,,,,,,,
##############################################,,,,,,,,,,
# Top 10 work programs,,,,,,,,,,
##############################################,,,,,,,,,,
,,Activity Map Link Instances,,,,,,,,
Activity Map Page,,167549,,,,,,,,
Get a work permit,,167549,,,,,,,,
Get a work permit,Activity Map Link,49141,,,,,,,,
Get a work permit,Temporary workers,21502,,,,,,,,
Get a work permit,Caregivers,9095,,,,,,,,
Get a work permit,Work and travel in Canada with International Experience Canada,4632,,,,,,,,
Get a work permit,Agricultural workers,3892,,,,,,,,
Get a work permit,Open work permit for vulnerable foreign workers,3173,,,,,,,,
Get a work permit,Open work permit for Ukrainian nationals,1783,,,,,,,,
Get a work permit,H-1B visa holder work permit,1702,,,,,,,,
Get a work permit,Business people,1023,,,,,,,,
Get a work permit,open work permit for Hong Kong recent graduates,956,,,,,,,,
Get a work permit,French-speaking workers outside Quebec,938,,,,,,,,
,,,,,,,,,,
,,,,,,,,,,
##############################################,,,,,,,,,,
# Top 10 immigration programs,,,,,,,,,,
##############################################,,,,,,,,,,
,,Activity Map Link Instances,,,,,,,,
Activity Map Page,,507024,,,,,,,,
Immigrate to Canada,,507024,,,,,,,,
Immigrate to Canada,Activity Map Link,317803,,,,,,,,
Immigrate to Canada,Express Entry,115647,,,,,,,,
Immigrate to Canada,Caregivers,49878,,,,,,,,
Immigrate to Canada,Provincial nominees,34924,,,,,,,,
Immigrate to Canada,Family sponsorship,31526,,,,,,,,
Immigrate to Canada,Refugees,15549,,,,,,,,
Immigrate to Canada,Atlantic Immigration Program,15135,,,,,,,,
Immigrate to Canada,Start-up visa,11330,,,,,,,,
Immigrate to Canada,Quebec-selected skilled workers,9427,,,,,,,,
Immigrate to Canada,Francophone immigration,7263,,,,,,,,
Immigrate to Canada,Agri-Food Pilot,6787,,,,,,,,
,,,,,,,,,,
,,,,,,,,,,
##############################################,,,,,,,,,,
# Top 10 study programs,,,,,,,,,,
##############################################,,,,,,,,,,
,,Activity Map Link Instances,,,,,,,,
Activity Map Page,,120133,,,,,,,,
Study in Canada as an international student,,120133,,,,,,,,
Study in Canada as an international student,Activity Map Link,102025,,,,,,,,
Study in Canada as an international student,Get a study permit,17659,,,,,,,,
Study in Canada as an international student,Extend your study permit or restore your status,15930,,,,,,,,
Study in Canada as an international student,Sign in to your study permit account,9846,,,,,,,,
Study in Canada as an international student,Find out if you need a study permit,7867,,,,,,,,
Study in Canada as an international student,"Choosing a school, college or university",5196,,,,,,,,
Study in Canada as an international student,Find a school (designated learning institution),4053,,,,,,,,
Study in Canada as an international student,Stay and work in Canada after you graduate,3713,,,,,,,,
Study in Canada as an international student,IRCC sign in,3462,,,,,,,,
Study in Canada as an international student,Sign-in Click,3153,,,,,,,,
Study in Canada as an international student,Work while studying,2970,,,,,,,,
,,,,,,,,,,
,,,,,,,,,,
#=================================================================,,,,,,,,,,
# Top content (FR),,,,,,,,,,
# Report suite: GC,,,,,,,,,,
"# Date: Feb 1, 2025 - Feb 28, 2025",,,,,,,,,,
"# Segments: IRCC - EN & FR, Public traffic",,,,,,,,,,
#=================================================================,,,,,,,,,,
,,,,,,,,,,
,,,,,,,,,,
##############################################,,,,,,,,,,
# Top topics on theme page (FR),,,,,,,,,,
##############################################,,,,,,,,,,
,,Activity Map Link Instances,,,,,,,,
Activity Map Page,,736210,,,,,,,,
Immigration et citoyenneté,,736210,,,,,,,,
Immigration et citoyenneté,Activity Map Link,113351,,,,,,,,
Immigration et citoyenneté,Ma demande,37556,,,,,,,,
Immigration et citoyenneté,Immigrer,32438,,,,,,,,
Immigration et citoyenneté,Travailler,14637,,,,,,,,
Immigration et citoyenneté,Visiter,12918,,,,,,,,
Immigration et citoyenneté,Étudier,8869,,,,,,,,
Immigration et citoyenneté,Citoyenneté,4509,,,,,,,,
Immigration et citoyenneté,Réfugiés et octroi de l’asile,1397,,,,,,,,
Immigration et citoyenneté,Canadiens,606,,,,,,,,
Immigration et citoyenneté,Fraudes et arnaques en matière d’immigration,320,,,,,,,,
Immigration et citoyenneté,"Interdiction de territoire, application de la loi et infractions",101,,,,,,,,
,,,,,,,,,,
,,,,,,,,,,
##############################################,,,,,,,,,,
# Top visit programs (FR),,,,,,,,,,
##############################################,,,,,,,,,,
,,Activity Map Link Instances,,,,,,,,
Activity Map Page,,85738,,,,,,,,
Visiter le Canada,,85738,,,,,,,,
Visiter le Canada,Activity Map Link,33326,,,,,,,,
Visiter le Canada,Demander un visa de visiteur,22066,,,,,,,,
Visiter le Canada,Présenter une demande d’autorisation de voyage électronique (AVE),5206,,,,,,,,
Visiter le Canada,Visas de visiteurs pour les travailleurs et les étudiants,2392,,,,,,,,
Visiter le Canada,Prolonger votre séjour au Canada,1693,,,,,,,,
Visiter le Canada,Rendre visite à vos enfants et petits-enfants,1279,,,,,,,,
Visiter le Canada,Visiter le Canada pour affaires,407,,,,,,,,
Visiter le Canada,Transiter par le Canada,283,,,,,,,,
,,,,,,,,,,
,,,,,,,,,,
##############################################,,,,,,,,,,
# Top 10 immigration programs (FR),,,,,,,,,,
##############################################,,,,,,,,,,
,,Activity Map Link Instances,,,,,,,,
Activity Map Page,,109518,,,,,,,,
Immigrer au Canada,,109518,,,,,,,,
Immigrer au Canada,Activity Map Link,45852,,,,,,,,
Immigrer au Canada,Entrée express,18924,,,,,,,,
Immigrer au Canada,Candidats des provinces,8139,,,,,,,,
Immigrer au Canada,Travailleurs qualifiés sélectionnés par le Québec,5090,,,,,,,,
Immigrer au Canada,Parrainage d’un membre de la famille,3860,,,,,,,,
Immigrer au Canada,Programme d’immigration au Canada atlantique,3658,,,,,,,,
Immigrer au Canada,Aides familiaux,3247,,,,,,,,
Immigrer au Canada,Réfugiés,1386,,,,,,,,
Immigrer au Canada,Visa pour démarrage d’entreprise,704,,,,,,,,
Immigrer au Canada,Voie d’accès de la résidence temporaire à la résidence permanente,595,,,,,,,,
Immigrer au Canada,Programme pilote d’immigration dans les communautés rurales et du Nord,249,,,,,,,,
,,,,,,,,,,
,,,,,,,,,,
##############################################,,,,,,,,,,
# Top 10 work programs (FR),,,,,,,,,,
##############################################,,,,,,,,,,
,,Activity Map Link Instances,,,,,,,,
Activity Map Page,,32569,,,,,,,,
Obtenir un permis de travail,,32569,,,,,,,,
Obtenir un permis de travail,Activity Map Link,7472,,,,,,,,
Obtenir un permis de travail,Travailleurs temporaires,3486,,,,,,,,
Obtenir un permis de travail,Travailler et voyager au Canada avec Expérience internationale Canada,1144,,,,,,,,
Obtenir un permis de travail,Travailleurs d’expression française hors du Québec,775,,,,,,,,
Obtenir un permis de travail,Permis de travail ouvert pour les travailleurs étrangers vulnérables,707,,,,,,,,
Obtenir un permis de travail,Travailleurs agricoles,682,,,,,,,,
Obtenir un permis de travail,Aides familiaux,474,,,,,,,,
Obtenir un permis de travail,Permis de travail pour les titulaires de visas H-1B,81,,,,,,,,
Obtenir un permis de travail,Gens d’affaires,53,,,,,,,,
Obtenir un permis de travail,Permis de travail ouvert pour les ressortissants Ukrainiens,38,,,,,,,,
Obtenir un permis de travail,Permis de travail ouvert pour les nouveaux diplômés de Hong Kong,32,,,,,,,,
,,,,,,,,,,
,,,,,,,,,,
##############################################,,,,,,,,,,
# Top 10 clicks on Study,,,,,,,,,,
##############################################,,,,,,,,,,
,,Activity Map Link Instances,,,,,,,,
Activity Map Page,,34798,,,,,,,,
Étudier au Canada à titre d’étudiant étranger,,34798,,,,,,,,
Étudier au Canada à titre d’étudiant étranger,Activity Map Link,16646,,,,,,,,
Étudier au Canada à titre d’étudiant étranger,Ouvrez une session dans votre compte de demande de permis d’études,4886,,,,,,,,
Étudier au Canada à titre d’étudiant étranger,Obtenir un permis d’études,3065,,,,,,,,
Étudier au Canada à titre d’étudiant étranger,Trouver un établissement d’enseignement (établissement d’enseignement désigné),1897,,,,,,,,
Étudier au Canada à titre d’étudiant étranger,Vérifiez si vous avez besoin d’un permis d’études,1788,,,,,,,,
Étudier au Canada à titre d’étudiant étranger,Faire prolonger un permis d’études ou rétablir son statuts,1682,,,,,,,,
Étudier au Canada à titre d’étudiant étranger,"Choisir une école, un collège ou une université",1335,,,,,,,,
Étudier au Canada à titre d’étudiant étranger,Obtenir un permis de travail postdiplôme,784,,,,,,,,
Étudier au Canada à titre d’étudiant étranger,Rester et travailler au Canada après l’obtention de votre diplôme,627,,,,,,,,
Étudier au Canada à titre d’étudiant étranger,Travailler pendant ses études,582,,,,,,,,
,,,,,,,,,,
,,,,,,,,,,
#=================================================================,,,,,,,,,,
# Task success (last quarter) (no change),,,,,,,,,,
# Report suite: GC,,,,,,,,,,
"# Date: Feb 1, 2025 - Feb 28, 2025",,,,,,,,,,
"# Segments: TSS Survey Data - Reason of Visit - Lead Department (v120c) equals any of IRCC, Survey Data - TSS - Exclude 'I started this survey before I finished my visit', Survey Data - TSS - Exclude testing",,,,,,,,,,
#=================================================================,,,,,,,,,,
,,,,,,,,,,
,,,,,,,,,,
##############################################,,,,,,,,,,
# Effectiveness/Ease/Satisfaction/Completion,,,,,,,,,,
##############################################,,,,,,,,,,
,Survey Data - Effectiveness - % able to complete the purpose of their visit,Survey Data - Effectiveness - % able to complete the purpose of their visit,Survey Data - Ease - % who said it was easy or very easy to do what they needed to do online,Survey Data - Ease - % who said it was easy or very easy to do what they needed to do online,Survey Data - Satisfaction - % satisfied or very satisfied,Survey Data - Satisfaction - % satisfied or very satisfied,Survey Data - GC Task Success Survey Completed / Données du sondage - Sondage sur la réussite de tâches du GC terminé (e120),Survey Data - GC Task Success Survey Completed / Données du sondage - Sondage sur la réussite de tâches du GC terminé (e120),,
,Survey Data - TSS - Institution (Sampling),"Jan 1, 2025 - Jan 31, 2025",Survey Data - TSS - Institution (Sampling),"Prior month: Jan 1, 2025 - Jan 31, 2025",Survey Data - TSS - Institution (Sampling),"Jan 1, 2025 - Jan 31, 2025",Survey Data - TSS - Task (Sampling),"Jan 1, 2025 - Jan 31, 2025",,
,Survey Data - TSS - Institution (Sampling),Survey Data - TSS - Institution (Sampling),Survey Data - TSS - Institution (Sampling),Survey Data - TSS - Institution (Sampling),Survey Data - TSS - Institution (Sampling),Survey Data - TSS - Institution (Sampling),Survey Data - TSS - Task (Sampling),Survey Data - TSS - Task (Sampling),,
Month,0.7884659852934376,0.7888861926716816,0.6423253017620126,0.6350400388255277,0.6249826573555936,0.6132411227048451,21623,24726,,
2/1/2025,0.7884659852934376,0.7888861926716816,0.6423253017620126,0.6350400388255277,0.6249826573555936,0.6132411227048451,21623,24726,,
,,,,,,,,,,
,,,,,,,,,,
##############################################,,,,,,,,,,
# Best and worst tasks,,,,,,,,,,
##############################################,,,,,,,,,,
,Survey Data - TSS - Task (Sampling),Survey Data - TSS - Task (Sampling),Survey Data - TSS - Task (Sampling),Survey Data - TSS - Task (Sampling),,,,,,
,TSS task completion % (min 384 responses),Survey Data - Ease - % who said it was easy or very easy to do what they needed to do online,Survey Data - Satisfaction - % satisfied or very satisfied,Survey Data - GC Task Success Survey Completed / Données du sondage - Sondage sur la réussite de tâches du GC terminé (e120),,,,,,
TSS Survey Data - Reason of Visit - Task (v120c),0.7884659852934376,,,21623,,,,,,
Apply for an Electronic Travel Authorization (eTA),0.8427719821162444,0.6870342771982116,0.6587183308494784,1342,,,,,,
Apply for a work permit,0.8155859607376561,0.6230418401744993,0.6268094388260956,5043,,,,,,
Check processing times,0.8140703517587939,0.6968174204355109,0.576214405,597,,,,,,
Check your application status,0.804339551,0.653597259,0.5881233346022079,2627,,,,,,
Apply for a visitor visa to Canada,0.8012446518864255,0.6250486192143135,0.6242707117852976,2571,,,,,,
Apply for Canadian citizenship,0.7919303797468354,0.6685126582278481,0.6819620253164557,1264,,,,,,
Renew a Canadian passport,0.7917833800186741,0.7049486461251168,0.6545284780578898,1071,,,,,,
Apply for a study permit,0.791268759,0.6589358799454298,0.6875852660300137,733,,,,,,
Immigrate as a provincial nominee,0.7632933104631218,0.6758147512864494,0.6037735849056604,583,,,,,,
Immigrate through Express Entry,0.7550301810865191,0.6609657947686117,0.6609657947686117,1988,,,,,,
IRCC accounts - sign in and register,0.7481031866464339,0.5417298937784522,0.5720789074355084,659,,,,,,
"Contact Immigration, Refugees and Citizenship Canada",0.6745362563237775,0.5733558178752108,0.5413153456998314,593,,,,,,
Work in Canada after my studies,0,1,0.4,5,,,,,,
Apply for a permanent resident travel document,0,1,0,1,,,,,,
Travel to Canada for business,0,0.8571428571428571,0.8571428571428571,7,,,,,,
Work in Canada,0,0.8461538461538461,0.5384615384615384,13,,,,,,
Check the status of a passport application,0,0.7475247524752475,0.6039603960396039,202,,,,,,
Find a designated learning institution,0,0.7472527472527473,0.7802197802197802,91,,,,,,
Check if you need a visa or electronic travel authorization (eTA) to travel to Canada,0,0.7202380952380952,0.6309523809523809,168,,,,,,
Find out if you need to give your fingerprints and photo (biometrics) and where to do that,0,0.717391304,0.717391304,46,,,,,,
Apply for a new Canadian passport,0,0.7009646302250804,0.639871383,311,,,,,,
Work and travel in Canada as a youth (International Experience Canada),0,0.6956521739130435,1,23,,,,,,
Find your National Occupational Classification (NOC),0,0.6948051948051948,0.6558441558441559,154,,,,,,
Find an IRCC application package or form,0,0.6283783783783784,0.6351351351351351,148,,,,,,
Apply through the Post-graduation work permit program,0,0.625,0.5,8,,,,,,
,,,,,,,,,,
,,,,,,,,,,
#=================================================================,,,,,,,,,,
# Task success (last 12 mos),,,,,,,,,,
# Report suite: GC,,,,,,,,,,
"# Date: Mar 1, 2024 - Feb 28, 2025",,,,,,,,,,
"# Segments: TSS Survey Data - Reason of Visit - Lead Department (v120c) equals any of IRCC, Survey Data - TSS - Exclude 'I started this survey before I finished my visit', Survey Data - TSS - Exclude testing",,,,,,,,,,
#=================================================================,,,,,,,,,,
,,,,,,,,,,
,,,,,,,,,,
##############################################,,,,,,,,,,
# Last 12 months,,,,,,,,,,
##############################################,,,,,,,,,,
,Survey Data - TSS - Institution (Sampling),Survey Data - TSS - Institution (Sampling),Survey Data - TSS - Institution (Sampling),Survey Data - TSS - Institution (Sampling),,,,,,
,Survey Data - Effectiveness - % able to complete the purpose of their visit,Survey Data - Ease - % who said it was easy or very easy to do what they needed to do online,Survey Data - Satisfaction - % satisfied or very satisfied,Survey Data - GC Task Success Survey Completed / Données du sondage - Sondage sur la réussite de tâches du GC terminé (e120),,,,,,
Month,0.7697955739417234,0.618032509,0.5942968577147297,194349,,,,,,
3/1/2024,0.7645487129358097,0.604040404,0.5869012707722385,15345,,,,,,
4/1/2024,0.7298900366544485,0.5745418193935354,0.5575474841719427,15005,,,,,,
5/1/2024,0.7765974066552102,0.6147476956725512,0.5919387595688174,12802,,,,,,
6/1/2024,0.7548200080895241,0.6089389240932992,0.5889847647296751,14834,,,,,,
7/1/2024,0.7623040466642362,0.6147283995625228,0.5789281808239154,13715,,,,,,
8/1/2024,0.7489099080968672,0.5971691151807875,0.5787884886295029,14907,,,,,,
9/1/2024,0.7726543209876543,0.6159259259259259,0.5921604938271605,16200,,,,,,
10/1/2024,0.7727765726681128,0.6158712942877802,0.5863159797541576,11064,,,,,,
11/1/2024,0.7683219610816275,0.631223149,0.5957164518574678,15828,,,,,,
12/1/2024,0.7860109289617486,0.6346448087431694,0.6043715846994535,18300,,,,,,
1/1/2025,0.7888861926716816,0.6350400388255277,0.6132411227048451,24726,,,,,,
2/1/2025,0.7884659852934376,0.6423253017620126,0.6249826573555936,21623,,,,,,
,,,,,,,,,,
,,,,,,,,,,
#=================================================================,,,,,,,,,,
# Contact us & Help Centre (same),,,,,,,,,,
# Report suite: GC,,,,,,,,,,
"# Date: Feb 1, 2025 - Feb 28, 2025",,,,,,,,,,
"# Segments: IRCC - EN & FR, Public Traffic",,,,,,,,,,
#=================================================================,,,,,,,,,,
,,,,,,,,,,
,,,,,,,,,,
##############################################,,,,,,,,,,
# Pages leading to Contact us (same),,,,,,,,,,
##############################################,,,,,,,,,,
,% of visits that click on Contact Us link in footer (min 1K visits),,,,,,,,,
Page URL (v12),0.002656222,,,,,,,,,
www.canada.ca/fr/immigration-refugies-citoyennete/services/passeports-canadiens/centre-aide.html,0.083274524,,,,,,,,,
www.canada.ca/en/immigration-refugees-citizenship/services/canadian-passports/help-centre.html,0.077929753,,,,,,,,,
www.canada.ca/en/immigration-refugees-citizenship/corporate/contact-ircc/client-support-centre.html,0.050851082,,,,,,,,,
www.canada.ca/fr/immigration-refugies-citoyennete/organisation/contactez-ircc/centre-soutien-clientele.html,0.049268707,,,,,,,,,
ircc.canada.ca/english/helpcentre/index-featured-int.asp,0.041477273,,,,,,,,,
,,,,,,,,,,
,,,,,,,,,,
##############################################,,,,,,,,,,
# Pages leading to Help Centre (same),,,,,,,,,,
##############################################,,,,,,,,,,
,% of visits that click on Help Centre link in footer (min 1K visits),,,,,,,,,
Page URL (v12),0.000940489,,,,,,,,,
www.canada.ca/en/immigration-refugees-citizenship/corporate/contact-ircc.html,0.021697040474507514,,,,,,,,,
www.canada.ca/fr/immigration-refugies-citoyennete/organisation/contactez-ircc.html,0.013533058,,,,,,,,,
www.canada.ca/en/immigration-refugees-citizenship/corporate/contact-ircc/client-support-centre.html,0.013483167912587855,,,,,,,,,
www.canada.ca/en/immigration-refugees-citizenship/services/canadian-passports/help-centre.html,0.011567038162782844,,,,,,,,,
www.canada.ca/en/immigration-refugees-citizenship/corporate/contact-ircc/international-experience-canada.html,0.010023866348448688,,,,,,,,,
,,,,,,,,,,
,,,,,,,,,,
#=================================================================,,,,,,,,,,
# News (updated),,,,,,,,,,
# Report suite: GC,,,,,,,,,,
"# Date: Feb 1, 2025 - Feb 28, 2025",,,,,,,,,,
#=================================================================,,,,,,,,,,
,,,,,,,,,,
,,,,,,,,,,
##############################################,,,,,,,,,,
# Top news products (EN),,,,,,,,,,
##############################################,,,,,,,,,,
,,IRCC news,,,,,,,,
,,Visits,,,,,,,,
News Type (v25),,863048,,,,,,,,
news releases,,488156,,,,,,,,
news releases,Page URL (v12),488156,,,,,,,,
news releases,www.canada.ca/en/immigration-refugees-citizenship/news/2025/01/canada-launches-rural-and-francophone-community-immigration-pilots.html,144162,,,,,,,,
news releases,www.canada.ca/en/immigration-refugees-citizenship/news/2025/02/canada-announces-2025-express-entry-category-based-draws-plans-for-more-in-canada-draws-to-reduce-labour-shortages.html,113035,,,,,,,,
news releases,www.canada.ca/en/immigration-refugees-citizenship/news/2024/06/canada-announces-new-pilot-programs-to-support-caregivers-and-canadian-families.html,93246,,,,,,,,
news releases,www.canada.ca/en/immigration-refugees-citizenship/news/2023/06/canada-announces-new-immigration-stream-specific-to-health-workers.html,16832,,,,,,,,
news releases,www.canada.ca/en/immigration-refugees-citizenship/news/2025/02/canada-renews-commitment-to-welcome-people-affected-by-the-conflict-in-sudan.html,14145,,,,,,,,
Unspecified,,362955,,,,,,,,
Unspecified,Page URL (v12),229013,,,,,,,,
Unspecified,www.canada.ca/en/immigration-refugees-citizenship/news/notices/new-rules-strengthen-temporary-resident-document-cancellations-border-security-integrity.html,63102,,,,,,,,
Unspecified,www.canada.ca/en/immigration-refugees-citizenship/news/notices/changes-open-work-permits-family-members-temporary-residents.html,62592,,,,,,,,
Unspecified,www.canada.ca/en/immigration-refugees-citizenship/news/notices/supplementary-immigration-levels-2025-2027.html,31929,,,,,,,,
Unspecified,www.canada.ca/en/immigration-refugees-citizenship/news/notices/2025-provincial-territorial-allocations-under-international-student-cap.html,15355,,,,,,,,
Unspecified,www.canada.ca/en/immigration-refugees-citizenship/news/notices/change-health-insurance-requirement-makes-super-visa-more-accessible.html,10059,,,,,,,,
backgrounders,,39135,,,,,,,,
backgrounders,Page URL (v12),39135,,,,,,,,
backgrounders,www.canada.ca/en/immigration-refugees-citizenship/news/2024/10/20252027-immigration-levels-plan.html,15118,,,,,,,,
backgrounders,www.canada.ca/en/immigration-refugees-citizenship/news/2017/03/claiming_asylum_incanadawhathappens.html,12021,,,,,,,,
backgrounders,www.canada.ca/en/immigration-refugees-citizenship/news/2022/03/canada-ukraine-authorization-for-emergency-travel.html,2509,,,,,,,,
backgrounders,www.canada.ca/en/immigration-refugees-citizenship/news/2025/01/measures-to-strengthen-border-security-and-canadas-immigration-system.html,2038,,,,,,,,
backgrounders,www.canada.ca/en/immigration-refugees-citizenship/news/2024/05/bill-c-71-an-act-to-amend-the-citizenship-act-2024.html,1370,,,,,,,,
media advisories,,8181,,,,,,,,
media advisories,Page URL (v12),8181,,,,,,,,
media advisories,www.canada.ca/en/immigration-refugees-citizenship/news/2025/02/minister-miller-to-make-an-announcement-in-ottawa.html,7520,,,,,,,,
media advisories,www.canada.ca/en/immigration-refugees-citizenship/news/2025/01/minister-miller-and-minister-mcguinty-to-hold-a-press-conference-in-ottawa.html,475,,,,,,,,
media advisories,www.canada.ca/en/immigration-refugees-citizenship/news/2024/12/citizenship-ceremony-at-the-2025-iihf-world-junior-championship.html,55,,,,,,,,
media advisories,www.canada.ca/en/immigration-refugees-citizenship/news/2024/11/minister-miller-to-hold-media-scrum-following-a-discussion-with-the-greater-vancouver-board-of-trade.html,29,,,,,,,,
media advisories,www.canada.ca/en/immigration-refugees-citizenship/news/2024/09/minister-miller-and-minister-boissonnault-to-announce-additional-actions-to-protect-our-immigration-system.html,24,,,,,,,,
statements,,3755,,,,,,,,
statements,Page URL (v12),3755,,,,,,,,
statements,www.canada.ca/en/immigration-refugees-citizenship/news/2023/06/statement-from-minister-fraser-concerning-the-supreme-courts-decision-on-the-safe-third-country-agreement.html,2285,,,,,,,,
statements,www.canada.ca/en/immigration-refugees-citizenship/news/2024/04/minister-miller-issues-statement-on-international-student-allocations-for-provinces-and-territories.html,343,,,,,,,,
statements,www.canada.ca/en/immigration-refugees-citizenship/news/2024/01/canada-will-not-appeal-decision-that-strikes-down-first-generation-limit-to-canadian-citizenship-by-descent.html,325,,,,,,,,
statements,www.canada.ca/en/immigration-refugees-citizenship/news/2024/12/statement-for-international-migrants-day.html,156,,,,,,,,
statements,www.canada.ca/en/immigration-refugees-citizenship/news/2023/06/statement-from-minister-fraser-concerning-reports-of-international-student-fraud.html,130,,,,,,,,
speeches,,2664,,,,,,,,
speeches,Page URL (v12),2664,,,,,,,,
speeches,www.canada.ca/en/immigration-refugees-citizenship/news/2024/10/speaking-notes-for-the-honourable-marc-miller-minister-of-immigration-refugees-and-citizenship-government-of-canada-reduces-immigration.html,996,,,,,,,,
speeches,www.canada.ca/en/immigration-refugees-citizenship/news/2024/09/speaking-notes-for-the-honourable-marc-miller-minister-of-immigration-refugees-and-citizenship-strengthening-canadas-temporary-resident-programs-an.html,952,,,,,,,,
speeches,www.canada.ca/en/immigration-refugees-citizenship/news/2024/03/speaking-notes-for-the-honourable-marc-miller-minister-of-immigration-refugees-and-citizenship-announcement-related-to-temporary-residents.html,367,,,,,,,,
speeches,www.canada.ca/en/immigration-refugees-citizenship/news/2024/05/speaking-notes-for-the-honourable-marc-miller-minister-of-immigration-refugees-and-citizenship-at-the-press-conference-for-the-tabling-of-bill-c-71.html,296,,,,,,,,
speeches,www.canada.ca/en/immigration-refugees-citizenship/news/2024/04/speaking-notes-for-the-honourable-marc-miller-minister-of-immigration-refugees-and-citizenship-budget-2024s-proposal-for-a-new-electric-vehicle-sup.html,44,,,,,,,,
,,,,,,,,,,
,,,,,,,,,,
##############################################,,,,,,,,,,
# Top news products (FR),,,,,,,,,,
##############################################,,,,,,,,,,
,,IRCC news (FR),,,,,,,,
,,Visits,,,,,,,,
News Type (v25),,167901,,,,,,,,
communiqués de presse,,116977,,,,,,,,
communiqués de presse,Page URL (v12),116977,,,,,,,,
communiqués de presse,www.canada.ca/fr/immigration-refugies-citoyennete/nouvelles/2025/01/le-canada-lance-le-programme-pilote-dimmigration-dans-les-communautes-rurales-et-le-programme-pilote-dimmigration-dans-les-communautes-francophones.html,81411,,,,,,,,
communiqués de presse,www.canada.ca/fr/immigration-refugies-citoyennete/nouvelles/2025/02/le-canada-annonce-des-tirages-au-sort-par-categorie-pour-entree-express-2025-et-en-prevoit-dautres-pour-les-personnes-se-trouvant-au-canada-afin-de.html,11613,,,,,,,,
communiqués de presse,www.canada.ca/fr/immigration-refugies-citoyennete/nouvelles/2024/06/le-canada-annonce-de-nouveaux-programmes-pilotes-pour-soutenir-les-aides-familiaux-et-les-familles-canadiennes.html,5878,,,,,,,,
communiqués de presse,www.canada.ca/fr/immigration-refugies-citoyennete/nouvelles/2024/05/ouverture-du-processus-de-candidature-des-communautes-pour-les-nouveaux-programmes-pilotes-dans-les-communautes-rurales-et-francophones.html,5847,,,,,,,,
communiqués de presse,www.canada.ca/fr/immigration-refugies-citoyennete/nouvelles/2024/03/le-canada-annonce-de-nouveaux-programmes-pilotes-dimmigration-pour-soutenir-les-communautes-rurales-et-francophones-en-situation-minoritaire-et-cre.html,3926,,,,,,,,
Unspecified,,46128,,,,,,,,
Unspecified,Page URL (v12),46128,,,,,,,,
Unspecified,www.canada.ca/fr/immigration-refugies-citoyennete/nouvelles/avis/nouvelles-regles-renforcer-annulation-documents-resident-temporaire-ainsi-securite-integrite-frontieres.html,7202,,,,,,,,
Unspecified,www.canada.ca/fr/immigration-refugies-citoyennete/nouvelles/avis/changements-apportes-permis-travail-ouverts-membres-famille-residents-temporaires.html,6440,,,,,,,,
Unspecified,www.canada.ca/fr/immigration-refugies-citoyennete/nouvelles/video/autorisation-voyage-electronique-vous-devez-savoir.html,5234,,,,,,,,
Unspecified,www.canada.ca/fr/immigration-refugies-citoyennete/nouvelles/video/ne-gaspillez-temps-envoyez-demande-complete.html,4636,,,,,,,,
Unspecified,www.canada.ca/fr/immigration-refugies-citoyennete/nouvelles/avis/renseignements-supplementaires-niveaux-immigration-2025-2027.html,3954,,,,,,,,
documents d'information,,9815,,,,,,,,
documents d'information,Page URL (v12),9815,,,,,,,,
documents d'information,www.canada.ca/fr/immigration-refugies-citoyennete/nouvelles/2024/10/plan-des-niveaux-dimmigration-2025-2027.html,7048,,,,,,,,
documents d'information,www.canada.ca/fr/immigration-refugies-citoyennete/nouvelles/2017/03/que_se_passe_t_illorsquunepersonnedemandelasileaucanada.html,943,,,,,,,,
documents d'information,www.canada.ca/fr/immigration-refugies-citoyennete/nouvelles/2025/01/mesures-visant-a-renforcer-la-securite-aux-frontieres-et-le-systeme-dimmigration-du-canada.html,572,,,,,,,,
documents d'information,www.canada.ca/fr/immigration-refugies-citoyennete/nouvelles/2024/09/mesures-prises-pour-renforcer-les-programmes-de-residence-temporaire-et-les-voies-de-migration-du-canada.html,353,,,,,,,,
documents d'information,www.canada.ca/fr/immigration-refugies-citoyennete/nouvelles/2022/03/autorisation-de-voyage-durgence-canada-ukraine.html,144,,,,,,,,
déclarations,,527,,,,,,,,
déclarations,Page URL (v12),527,,,,,,,,
déclarations,www.canada.ca/fr/immigration-refugies-citoyennete/nouvelles/2023/06/declaration-du-ministre-fraser-concernant-la-decision-de-la-cour-supreme-sur-lentente-sur-les-tiers-pays-surs.html,217,,,,,,,,
déclarations,www.canada.ca/fr/immigration-refugies-citoyennete/nouvelles/2023/10/declaration-du-ministre-miller-sur-lengagement-du-canada-a-soutenir-les-migrants-dans-les-ameriques.html,82,,,,,,,,
déclarations,www.canada.ca/fr/immigration-refugies-citoyennete/nouvelles/2024/04/le-ministre-miller-fait-une-declaration-sur-la-repartition-des-etudiants-etrangers-entre-les-provinces-et-les-territoires.html,80,,,,,,,,
déclarations,www.canada.ca/fr/immigration-refugies-citoyennete/nouvelles/2023/06/declaration-du-ministre-fraser-concernant-des-signalements-de-fraude-liee-a-des-etudiants-etrangers.html,30,,,,,,,,
déclarations,www.canada.ca/fr/immigration-refugies-citoyennete/nouvelles/2024/11/le-ministre-miller-celebre-la-semaine-nationale-de-limmigration-francophone-en-soulignant-limportance-vitale-de-limmigration-francophone-pour-le-ca.html,26,,,,,,,,
discours,,351,,,,,,,,
discours,Page URL (v12),351,,,,,,,,
discours,www.canada.ca/fr/immigration-refugies-citoyennete/nouvelles/2024/10/allocution-prononcee-par-lhonorable-marc-miller-ministre-de-limmigration-des-refugies-et-de-la-citoyennete--le-gouvernement-du-canada-reduit-limmig.html,112,,,,,,,,
discours,www.canada.ca/fr/immigration-refugies-citoyennete/nouvelles/2024/03/allocution-prononcee-par-lhonorable-marc-miller-ministre-de-limmigration-des-refugies-et-de-la-citoyennete--annonce-au-sujet-des-residents-temporaires.html,100,,,,,,,,
discours,www.canada.ca/fr/immigration-refugies-citoyennete/nouvelles/2024/09/allocution-prononcee-par-lhonorable-marc-miller-ministre-de-limmigration-des-refugies-et-de-la-citoyennete--renforcement-des-programmes-de-residenc.html,57,,,,,,,,
discours,www.canada.ca/fr/immigration-refugies-citoyennete/nouvelles/2024/05/allocution-prononcee-par-lhonorable-marc-miller-ministre-de-limmigration-des-refugies-et-de-la-citoyennete-a-la-conference-de-presse-pour-le-ddepot.html,52,,,,,,,,
discours,www.canada.ca/fr/immigration-refugies-citoyennete/nouvelles/2024/04/allocution-prononcee-par-lhonorable-marc-miller-ministre-de-limmigration-des-refugies-et-de-la-citoyennete--proposition-du-budget-2024-pour-un-nouv.html,5,,,,,,,,
avis aux médias,,210,,,,,,,,
avis aux médias,Page URL (v12),210,,,,,,,,
avis aux médias,www.canada.ca/fr/immigration-refugies-citoyennete/nouvelles/2025/02/le-ministre-miller-fera-une-annonce-a-ottawa.html,115,,,,,,,,
avis aux médias,www.canada.ca/fr/immigration-refugies-citoyennete/nouvelles/2025/01/le-ministre-miller-et-le-ministre-mcguinty-tiendront-une-conference-de-presse-a-ottawa.html,40,,,,,,,,
avis aux médias,www.canada.ca/fr/immigration-refugies-citoyennete/nouvelles/2024/12/ceremonie-de-citoyennete-lors-du-championnat-du-monde-junior-2025-de-liihf.html,11,,,,,,,,
avis aux médias,www.canada.ca/fr/immigration-refugies-citoyennete/nouvelles/2023/05/la-secretaire-parlementaire-lalonde-annonce-un-soutien-aux-services-daide-a-letablissement-des-nouveaux-arrivants.html,6,,,,,,,,
avis aux médias,www.canada.ca/fr/immigration-refugies-citoyennete/nouvelles/2024/08/le-ministre-miller-annoncera-de-nouvelles-communautes-francophones-accueillantes-et-un-programme-pilote-pour-les-etudiants.html,6,,,,,,,,
,,,,,,,,,,
,,,,,,,,,,
##############################################,,,,,,,,,,
# Top news releases,,,,,,,,,,
##############################################,,,,,,,,,,
,news releases,,,,,,,,,
,IRCC news E/F,,,,,,,,,
,Visits,,,,,,,,,
Page URL (v12),488156,,,,,,,,,
www.canada.ca/en/immigration-refugees-citizenship/news/2025/01/canada-launches-rural-and-francophone-community-immigration-pilots.html,144162,,,,,,,,,
www.canada.ca/en/immigration-refugees-citizenship/news/2025/02/canada-announces-2025-express-entry-category-based-draws-plans-for-more-in-canada-draws-to-reduce-labour-shortages.html,113035,,,,,,,,,
www.canada.ca/en/immigration-refugees-citizenship/news/2024/06/canada-announces-new-pilot-programs-to-support-caregivers-and-canadian-families.html,93246,,,,,,,,,
www.canada.ca/en/immigration-refugees-citizenship/news/2023/06/canada-announces-new-immigration-stream-specific-to-health-workers.html,16832,,,,,,,,,
www.canada.ca/en/immigration-refugees-citizenship/news/2025/02/canada-renews-commitment-to-welcome-people-affected-by-the-conflict-in-sudan.html,14145,,,,,,,,,
,,,,,,,,,,
,,,,,,,,,,
##############################################,,,,,,,,,,
# Top statements,,,,,,,,,,
##############################################,,,,,,,,,,
,statements,,,,,,,,,
,IRCC news E/F,,,,,,,,,
,Visits,,,,,,,,,
Page URL (v12),3755,,,,,,,,,
www.canada.ca/en/immigration-refugees-citizenship/news/2023/06/statement-from-minister-fraser-concerning-the-supreme-courts-decision-on-the-safe-third-country-agreement.html,2285,,,,,,,,,
www.canada.ca/en/immigration-refugees-citizenship/news/2024/04/minister-miller-issues-statement-on-international-student-allocations-for-provinces-and-territories.html,343,,,,,,,,,
www.canada.ca/en/immigration-refugees-citizenship/news/2024/01/canada-will-not-appeal-decision-that-strikes-down-first-generation-limit-to-canadian-citizenship-by-descent.html,325,,,,,,,,,
www.canada.ca/en/immigration-refugees-citizenship/news/2024/12/statement-for-international-migrants-day.html,156,,,,,,,,,
www.canada.ca/en/immigration-refugees-citizenship/news/2023/06/statement-from-minister-fraser-concerning-reports-of-international-student-fraud.html,130,,,,,,,,,
,,,,,,,,,,
,,,,,,,,,,
##############################################,,,,,,,,,,
# Top web notices,,,,,,,,,,
##############################################,,,,,,,,,,
,IRCC web notices E/F,,,,,,,,,
,Visits,,,,,,,,,
Page URL (v12),254431,,,,,,,,,
www.canada.ca/en/immigration-refugees-citizenship/news/notices/new-rules-strengthen-temporary-resident-document-cancellations-border-security-integrity.html,63102,,,,,,,,,
www.canada.ca/en/immigration-refugees-citizenship/news/notices/changes-open-work-permits-family-members-temporary-residents.html,62592,,,,,,,,,
www.canada.ca/en/immigration-refugees-citizenship/news/notices/supplementary-immigration-levels-2025-2027.html,31929,,,,,,,,,
www.canada.ca/en/immigration-refugees-citizenship/news/notices/2025-provincial-territorial-allocations-under-international-student-cap.html,15355,,,,,,,,,
www.canada.ca/en/immigration-refugees-citizenship/news/notices/change-health-insurance-requirement-makes-super-visa-more-accessible.html,10059,,,,,,,,,
,,,,,,,,,,
,,,,,,,,,,
#=================================================================,,,,,,,,,,
# Special measures (updated),,,,,,,,,,
# Report suite: GC,,,,,,,,,,
"# Date: Feb 1, 2025 - Feb 28, 2025",,,,,,,,,,
#=================================================================,,,,,,,,,,
,,,,,,,,,,
,,,,,,,,,,
##############################################,,,,,,,,,,
# Top special measures content,,,,,,,,,,
##############################################,,,,,,,,,,
,IRCC crisis content (E/F),,,,,,,,,
,Visits,,,,,,,,,
Page URL (v12),168375,,,,,,,,,
www.canada.ca/en/immigration-refugees-citizenship/services/immigrate-canada/ukraine-measures.html,65655,,,,,,,,,
www.canada.ca/en/immigration-refugees-citizenship/services/iran.html,38595,,,,,,,,,
www.canada.ca/en/immigration-refugees-citizenship/services/sudan2023.html,23456,,,,,,,,,
www.canada.ca/fr/immigration-refugies-citoyennete/services/haiti-2024-fr.html,13964,,,,,,,,,
www.canada.ca/en/immigration-refugees-citizenship/services/israel-west-bank-gaza-2023.html,8232,,,,,,,,,
,,,,,,,,,,
,,,,,,,,,,
##############################################,,,,,,,,,,
# Key metric summary Data,,,,,,,,,,
##############################################,,,,,,,,,,
,% of IRCC traffic to crisis content,% of IRCC traffic to crisis content,,,,,,,,
,% of IRCC traffic to crisis content,Month before,,,,,,,,
Day,0.007372983,0.00565069,,,,,,,,
2/1/2025,0.006195024,0.006870126,,,,,,,,
2/2/2025,0.006951723,0.005664465,,,,,,,,
2/3/2025,0.005689234,0.005515149,,,,,,,,
2/4/2025,0.00615561,0.006497566,,,,,,,,
2/5/2025,0.005520297,0.006864402,,,,,,,,
2/6/2025,0.005250018,0.005871062,,,,,,,,
2/7/2025,0.00552535,0.005715009,,,,,,,,
2/8/2025,0.006558278,0.005199672,,,,,,,,
2/9/2025,0.007185608,0.005219984,,,,,,,,
2/10/2025,0.006101705,0.005564235,,,,,,,,
2/11/2025,0.005524948,0.007216161,,,,,,,,
2/12/2025,0.0050794,0.007514557,,,,,,,,
2/13/2025,0.005139669,0.005301182,,,,,,,,
2/14/2025,0.004823266,0.004592992,,,,,,,,
2/15/2025,0.006530633,0.005092019,,,,,,,,
2/16/2025,0.007542675,0.004919055,,,,,,,,
2/17/2025,0.006808235,0.00541277,,,,,,,,
2/18/2025,0.005809865,0.006141609,,,,,,,,
2/19/2025,0.006095069,0.00686055,,,,,,,,
2/20/2025,0.006354172,0.005586837,,,,,,,,
2/21/2025,0.007010847,0.004477031,,,,,,,,
2/22/2025,0.00856163,0.004895734,,,,,,,,
2/23/2025,0.00931248,0.004824199,,,,,,,,
2/24/2025,0.007564783,0.005610907,,,,,,,,
2/25/2025,0.008459575,0.006872381,,,,,,,,
2/26/2025,0.00701824,0.007348095,,,,,,,,
2/27/2025,0.020912691872512764,0.005683127,,,,,,,,
2/28/2025,0.012794021616346473,0.005354656,,,,,,,,
,,,,,,,,,,
,,,,,,,,,,
#=================================================================,,,,,,,,,,
# Campaigns (updated),,,,,,,,,,
# Report suite: GC,,,,,,,,,,
"# Date: Feb 1, 2025 - Feb 28, 2025",,,,,,,,,,
#=================================================================,,,,,,,,,,
,,,,,,,,,,
,,,,,,,,,,
##############################################,,,,,,,,,,
# Top campaign landing pages,,,,,,,,,,
##############################################,,,,,,,,,,
,IRCC campaigns (E/F),,,,,,,,,
,Visits,,,,,,,,,
Page URL (v12),701735,,,,,,,,,
www.canada.ca/fr/immigration-refugies-citoyennete/campagnes/choisir-canada.html,241472,,,,,,,,,
www.canada.ca/en/immigration-refugees-citizenship/campaigns/choose-canada.html,112138,,,,,,,,,
www.canada.ca/en/immigration-refugees-citizenship/campaigns/claiming-asylum.html,71364,,,,,,,,,
www.canada.ca/en/immigration-refugees-citizenship/campaigns/newcomer-services.html,56958,,,,,,,,,
www.canada.ca/en/immigration-refugees-citizenship/campaigns/claiming-asylum-ar.html,28515,,,,,,,,,
,,,,,,,,,,
,,,,,,,,,,
##############################################,,,,,,,,,,
# Top UTM campaigns,,,,,,,,,,
##############################################,,,,,,,,,,
,Visits,,,,,,,,,
UTM Campaign (visit expiry) (v31),651647,,,,,,,,,
ircc-ircc-express-entry-24-25,341685,,,,,,,,,
ircc-ircc-safe-and-orderly-migration,122366,,,,,,,,,
ircc-ircc-operational-pressures,118938,,,,,,,,,
ircc-ircc-newcomer-services-24-25,63017,,,,,,,,,
ircc-ircc-passport-tips-2023,1623,,,,,,,,,
