Page path,Opposite language page path,Topic,Sub topic,Page title,Opposite language page title,Keywords
https://www.canada.ca/en/immigration-refugees-citizenship,https://www.canada.ca/fr/immigration-refugies-citoyennete.html,Theme,Landing page,"Immigration, Refugees and Citizenship Canada",,Mandate; Government services; Immigration; Indexes
https://www.canada.ca/en/immigration-refugees-citizenship/news,https://www.canada.ca/fr/immigration-refugies-citoyennete/nouvelles.html,News,Landing page,"Newsroom - Immigration, Refugees and Citizenship Canada",,"Media, News releases, Speeches, Photographs, Archives, Indexes"
https://www.canada.ca/en/immigration-refugees-citizenship/news/newsletter,https://www.canada.ca/fr/immigration-refugies-citoyennete/nouvelles/bulletin.html,News,Landing page,Newsletter,Bulletin,
https://www.canada.ca/en/immigration-refugees-citizenship/news/notices,https://www.canada.ca/fr/immigration-refugies-citoyennete/nouvelles/avis.html,News,Landing page,"Notices - Immigration, Refugees and Citizenship Canada",Avis,
https://www.canada.ca/en/immigration-refugees-citizenship/news/video,https://www.canada.ca/fr/immigration-refugies-citoyennete/nouvelles/video.html,News,Landing page,"Videos - Immigration, Refugees and Citizenship Canada",Video,
https://www.canada.ca/en/immigration-refugees-citizenship/news/photos,https://www.canada.ca/fr/immigration-refugies-citoyennete/nouvelles/photos.html,News,Landing page,"Photos - Immigration, Refugees and Citizenship Canada","Photos - Immigration, RÇfugiÇs et CitoyennetÇ Canada","Media, Indexes"
https://www.canada.ca/en/immigration-refugees-citizenship/news/social-media,https://www.canada.ca/fr/immigration-refugies-citoyennete/nouvelles/medias-sociaux.html,News,Landing page,"Social media - Immigration, Refugees and Citizenship Canada",MÇdias sociaux Öˇ IRCC,Media; News releases; Archives; Indexes
https://www.canada.ca/en/immigration-refugees-citizenship/news/rss,https://www.canada.ca/fr/immigration-refugies-citoyennete/nouvelles/rss.html,News,Landing page,"RSS Feeds - Immigration, Refugees and Citizenship Canada",Fils RSS,RSS; Feeds
https://www.canada.ca/en/immigration-refugees-citizenship/services/iran,https://www.canada.ca/fr/immigration-refugies-citoyennete/services/iran.html,Iran,Landing page,"Situation in Iran: Temporary immigration, passport and citizenship measures",Temporary measures to support Iranian temporary residents in Canada and Canadian citizens and Canadian permanent residents in Iran,"Iran, special measures, temporary residents, Canadian citizens, permanent residents of Canada"
https://www.canada.ca/en/immigration-refugees-citizenship/services/earthquakes2023,https://www.canada.ca/fr/immigration-refugies-citoyennete/services/tremblements-terre2023.html,Earthquakes,Landing page,"Earthquakes in Syria and TÅrkiye: Temporary immigration, passport and citizenship measures","Tremblements de terre en Syria et TÅrkiye : Mesures temporaires concernant l'immigration, les passeports et la citoyennetÇ","Syria, TÅrkiye, special measures, temporary residents, Canadian citizens, permanent residents of Canada"
https://www.canada.ca/en/immigration-refugees-citizenship/services/canadian-passports-usa,https://www.canada.ca/fr/immigration-refugies-citoyennete/services/passeports-canadiens-etats-unis.html,Passport,Applying from the US,Canadian passports: Applying from the United States,Passeports canadiens : PrÇsenter une demande depuis les êtats-Unis,"passport, Canada, apply, renew, travel document, certified true copy, name change, gender identifier, special passport, diplomatic passport, lost passport, stolen passport, passport fraud, passport photo, forms, official travel, child safety, system lookout, processing times"
https://www.canada.ca/en/immigration-refugees-citizenship/services/canadian-passports-abroad,https://www.canada.ca/fr/immigration-refugies-citoyennete/services/passeports-canadiens-etranger.html,Passport,Applying from abroad,Canadian passports: Applying from abroad,Passeports canadiens : PrÇsenter une demande depuis l'Çtranger,"passport, Canada, apply, renew, travel document, certified true copy, name change, gender identifier, special passport, diplomatic passport, lost passport, stolen passport, passport fraud, passport photo, forms, official travel, child safety, system lookout, processing times"
https://www.canada.ca/en/immigration-refugees-citizenship/services/application,https://www.canada.ca/fr/immigration-refugies-citoyennete/services/demande.html,My application,Landing page,My application,Ma demande d?immigration ou de citoyennetÇ,Government On-Line; Applications; Work permits
https://www.canada.ca/en/immigration-refugees-citizenship/services/application/register,https://www.canada.ca/fr/immigration-refugies-citoyennete/services/demande/inscription.html,My application,MyCIC account,Register for an IRCC secure account,S?inscrire Öˇ un compte sÇcurisÇ d?IRCC,"register, log in, sign in, ircc, application, how to register, gckey, banking sign in,"
https://www.canada.ca/en/immigration-refugees-citizenship/services/application/account,https://www.canada.ca/fr/immigration-refugies-citoyennete/services/demande/compte.html,My application,MyCIC account,Sign in to your IRCC secure account,,Government On-Line; Security
https://www.canada.ca/en/immigration-refugees-citizenship/services/application/application-forms-guides,https://www.canada.ca/fr/immigration-refugies-citoyennete/services/demande/formulaires-demande-guides.html,My application,Application forms and guides,Find an IRCC application package or form,Trouver des formulaires de demande et des guides,Indexes; Applications; Forms; Fees; Receipts
https://www.canada.ca/en/immigration-refugees-citizenship/services/application/pay-fees,https://www.canada.ca/fr/immigration-refugies-citoyennete/services/demande/payer-frais.html,My application,Fees,Pay your fees,Payer les frais,
https://www.canada.ca/en/immigration-refugees-citizenship/services/application/check-processing-times,https://www.canada.ca/fr/immigration-refugies-citoyennete/services/demande/verifier-delais-traitement.html,My application,Processing Times,Check processing times,VÇrifier les dÇlais de traitement,
https://www.canada.ca/en/immigration-refugees-citizenship/services/application/check-status,https://www.canada.ca/fr/immigration-refugies-citoyennete/services/demande/verifier-etat.html,My application,Check application status,How to check your application status,VÇrifier l?Çtat de sa demande,Government On-Line; online applications
https://www.canada.ca/en/immigration-refugees-citizenship/services/application/change-address,https://www.canada.ca/fr/immigration-refugies-citoyennete/services/demande/changement-adresse.html,My application,Change of address,Change my address - Immigration and citizenship,Changement d?adresse,Diplomatic missions; Visa; Points of service abroad; Applications
https://www.canada.ca/en/immigration-refugees-citizenship/services/application/medical-police,https://www.canada.ca/fr/immigration-refugies-citoyennete/services/demande/medical-police.html,My application,Medical exams and police certificates,Medical exams and police checks - Immigration and citizenship,Examens mÇdicaux et certificats de police,Government On-Line; Police checks; Medical exams
https://www.canada.ca/en/immigration-refugees-citizenship/services/application/medical-police/medical-exams,https://www.canada.ca/fr/immigration-refugies-citoyennete/services/demande/medical-police/examens-medicaux.html,My application,Medical exams,Medical exams  - Immigration,Examens mÇdicaux,Medical examination; Medical practitioners; Indexes
https://www.canada.ca/en/immigration-refugees-citizenship/services/application/medical-police/police-certificates,https://www.canada.ca/fr/immigration-refugies-citoyennete/services/demande/medical-police/certificats-police.html,My application,Police certificates,About police certificates,Certificats de police,Medical screening; Designated medical practitioners; Criminal clearance checks; Indexes
https://www.canada.ca/en/immigration-refugees-citizenship/services/immigrate-canada,https://www.canada.ca/fr/immigration-refugies-citoyennete/services/immigrer-canada.html,Immigrate,Landing page,Immigrate to Canada,,
https://www.canada.ca/en/immigration-refugees-citizenship/services/immigrate-canada/air-disaster-pp,https://www.canada.ca/fr/immigration-refugies-citoyennete/services/immigrer-canada/catastrophes-aeriennes-politique-hors-canada.html,Immigrate,Air disaster,Outside-of-Canada families of Canadian victims of air disasters: About the public policy,catastrophes-aeriennes-politique-hors-canada,"public policy, temporary public policy, victims of air disasters, ET302, PS752"
https://www.canada.ca/en/immigration-refugees-citizenship/services/immigrate-canada/hong-kong-residents-permanent-residence,https://www.canada.ca/fr/immigration-refugies-citoyennete/services/immigrer-canada/residence-permanente-residents-hong-kong.html,Immigrate,Hong Kong PR pathway,Permanent residence pathways for Hong Kong residents: About the public policy,Voies d?accäs Öˇ la rÇsidence permanente pour les rÇsidents de Hong Kong : Ö propos de la politique d?intÇràt public,"permanent residence, PR, Hong Kong residents, public policy"
https://www.canada.ca/en/immigration-refugees-citizenship/services/immigrate-canada/tr-pr-pathway,https://www.canada.ca/fr/immigration-refugies-citoyennete/services/immigrer-canada/voie-dacces-rt-rp.html,Immigrate,Temporary resident to permanent resident pathway,Temporary public policies: Temporary resident to permanent resident pathway - About the program ,Politiques d?intÇràt public temporaires : voie d?accäs de la rÇsidence temporaire Öˇ la rÇsidence permanente - Ö propos du programme,"TR to PR Pathway, Pathway, essential worker, healthcare, graduates, PWGP, public policy "
https://www.canada.ca/en/immigration-refugees-citizenship/services/immigrate-canada/atlantic-immigration,https://www.canada.ca/fr/immigration-refugies-citoyennete/services/immigrer-canada/programme-immigration-atlantique.html,Immigrate,AIP,Atlantic Immigration Program,programme-immigration-atlantique,
https://www.canada.ca/en/immigration-refugees-citizenship/services/immigrate-canada/ukraine-measures,https://www.canada.ca/fr/immigration-refugies-citoyennete/services/immigrer-canada/mesures-ukraine.html,Immigrate,Ukraine,Immigration measures and support for Ukrainians and their families,Mesures d?immigration pour les personnes touchÇes par la situation en Ukraine,"Ukraine, canada, political, condition, situation, response"
https://www.canada.ca/en/immigration-refugees-citizenship/services/immigrate-canada/express-entry,https://www.canada.ca/fr/immigration-refugies-citoyennete/services/immigrer-canada/entree-express.html,Immigrate,Express Entry,Immigrate through Express Entry,,
https://www.canada.ca/en/immigration-refugees-citizenship/services/immigrate-canada/provincial-nominees,https://www.canada.ca/fr/immigration-refugies-citoyennete/services/immigrer-canada/candidats-provinces.html,Immigrate,PNP,Immigrate as a provincial nominee,,Immigrate as a provincial nominee
https://www.canada.ca/en/immigration-refugees-citizenship/services/immigrate-canada/quebec-skilled-workers,https://www.canada.ca/fr/immigration-refugies-citoyennete/services/immigrer-canada/travailleurs-qualifies-quebec.html,Immigrate,QSW,Quebec-selected skilled workers: About the process,Travailleurs qualifiÇs sÇlectionnÇs par le QuÇbec,Skilled workers; Citizenship; Immigration;
https://www.canada.ca/en/immigration-refugees-citizenship/services/immigrate-canada/self-employed,https://www.canada.ca/fr/immigration-refugies-citoyennete/services/immigrer-canada/travailleurs-autonomes.html,Immigrate,Self Employed,Immigrate as a self-employed person: About the process,Immigrer Öˇ titre de travailleur autonome,Business migration; Business Immigration Program; Business class immigrants; Self-employed people; Farming; Cultural events; Work experience
https://www.canada.ca/en/immigration-refugees-citizenship/services/immigrate-canada/family-sponsorship,https://www.canada.ca/fr/immigration-refugies-citoyennete/services/immigrer-canada/parrainer-membre-famille.html,Immigrate,Sponsorship,Sponsor your family members to immigrate to Canada,Parrainer un membre de la famille,Sponsorship; Family class immigrants; Permanent residents
https://www.canada.ca/en/immigration-refugees-citizenship/services/immigrate-canada/start-visa,https://www.canada.ca/fr/immigration-refugies-citoyennete/services/immigrer-canada/visa-demarrage.html,Immigrate,Start up visa,Start-up Visa Program,Programme de visa pour dÇmarrage d?entreprise,Entrepreneurs; Investors; Immigration; Citizenship
https://www.canada.ca/en/immigration-refugees-citizenship/services/immigrate-canada/caregivers,https://www.canada.ca/fr/immigration-refugies-citoyennete/services/immigrer-canada/aides-familiaux.html,Immigrate,Caregivers,Caregivers,Aides familiaux - Options pour la rÇsidence permanente,Immigrate; Caregiver Program
https://www.canada.ca/en/immigration-refugees-citizenship/services/immigrate-canada/inadmissibility,https://www.canada.ca/fr/immigration-refugies-citoyennete/services/immigrer-canada/interdiction-territoire.html,Immigrate,Inadmissibility,Find out if you?re inadmissible,DÇterminer si vous àtes interdit de territoire,Permanent resident card; Proof of citizenship; Permanent residence
https://www.canada.ca/en/immigration-refugees-citizenship/services/immigrate-canada/investors,https://www.canada.ca/fr/immigration-refugies-citoyennete/services/immigrer-canada/investisseurs.html,Immigrate,Investors,Immigrant Investor Program,Programme d?immigration des investisseurs,Business migration; Business Immigration Program; Business class immigrants; Investors
https://www.canada.ca/en/immigration-refugees-citizenship/services/immigrate-canada/rural-northern-immigration-pilot,https://www.canada.ca/fr/immigration-refugies-citoyennete/services/immigrer-canada/programme-pilote-immigration-rurale-nord.html,Immigrate,RNIP,Rural and Northern Immigration Pilot: about the pilot,Le Programme pilote d?immigration dans les communautÇs rurales et du Nord ,"rural, northern, immigration pilot"
https://www.canada.ca/en/immigration-refugees-citizenship/services/immigrate-canada/gta-construction-workers-about,https://www.canada.ca/fr/immigration-refugies-citoyennete/services/immigrer-canada/rgt-travailleurs-construction-au-sujet.html,Immigrate,GTA,Subsequent temporary public policy to continue to facilitate access to permanent resident status for out-of-status construction workers in the Greater Toronto Area: About the public policy,Politique d?intÇràt public temporaire pour les travailleurs de la construction sans statut dans la rÇgion du Grand Toronto : Au sujet de la politique d?intÇràt public,"Construction workers, Toronto, Greater Toronto Area, GTA, public policy, permanent residence "
https://www.canada.ca/en/immigration-refugees-citizenship/services/immigrate-canada/agri-food-pilot,https://www.canada.ca/fr/immigration-refugies-citoyennete/services/immigrer-canada/programme-pilote-sur-lagroalimentaire.html,Immigrate,Agrifood,Agri-Food Pilot,Programme pilote sur l?agroalimentaire,"Agri-Food Immigration Pilot, eligible, how to apply, permanent residents, PR, agriculture"
https://www.canada.ca/en/immigration-refugees-citizenship/services/visit-canada,https://www.canada.ca/fr/immigration-refugies-citoyennete/services/visiter-canada.html,Visit,Landing page,Visit Canada,Visiter le Canada,Foreign visitors; Visitor visas
https://www.canada.ca/en/immigration-refugees-citizenship/services/visit-canada/about-visitor-visa,https://www.canada.ca/fr/immigration-refugies-citoyennete/services/visiter-canada/au-sujet-visa-visiteur.html,Visit,Apply for visitor visa,Visitor visa: About the document,Visa de visiteur : Au sujet du document,"visitor, visa, temporary, resident, application, process, trv, vistor, visitor, visiter, apply, application"
https://www.canada.ca/en/immigration-refugees-citizenship/services/visit-canada/business,https://www.canada.ca/fr/immigration-refugies-citoyennete/services/visiter-canada/affaires.html,Visit,Business,Visit Canada on business,,Foreign visitors; Temporary resident visas; Business development; International conventions
https://www.canada.ca/en/immigration-refugees-citizenship/services/visit-canada/eta,https://www.canada.ca/fr/immigration-refugies-citoyennete/services/visiter-canada/ave.html,Visit,eTA,Electronic Travel Authorization (eTA),Autorisation de voyage Çlectronique (AVE),Foreign visitors; Visitor visas; Electronic Travel Authorization
https://www.canada.ca/en/immigration-refugees-citizenship/services/visit-canada/extend-stay,https://www.canada.ca/fr/immigration-refugies-citoyennete/services/visiter-canada/prolonger-sejour.html,Visit,Stay in Canada longer,Extend your stay in Canada: About the document,Prolonger votre sÇjour au Canada Öˇ titre de visiteur,"visitor extension, extend visa, visit, change permit type, extend status, visitor record"
https://www.canada.ca/en/immigration-refugees-citizenship/services/visit-canada/parent-grandparent-super-visa,https://www.canada.ca/fr/immigration-refugies-citoyennete/services/visiter-canada/super-visa-parents-grands-parents.html,Visit,PGP Super visa,Parent and grandparent super visa,Super visa pour parents et grands-parents,Foreign visitors; Visitor visas; Visiting
https://www.canada.ca/en/immigration-refugees-citizenship/services/visit-canada/transit,https://www.canada.ca/fr/immigration-refugies-citoyennete/services/visiter-canada/transiter.html,Visit,Transit,Transit through Canada,,"transit, Canada, transit visa, transit without a visa, TWOV"
https://www.canada.ca/en/immigration-refugees-citizenship/services/work-canada,https://www.canada.ca/fr/immigration-refugies-citoyennete/services/travailler-canada.html,Work,Landing page,Work in Canada,,Foreign workers; Work permits; Applications
https://www.canada.ca/en/immigration-refugees-citizenship/services/work-canada/permit,https://www.canada.ca/fr/immigration-refugies-citoyennete/services/travailler-canada/permis.html,Work,Permit,Get a work permit,Permis,Foreign workers; Work permits; Applications
https://www.canada.ca/en/immigration-refugees-citizenship/services/work-canada/permit/temporary,https://www.canada.ca/fr/immigration-refugies-citoyennete/services/travailler-canada/permis/temporaire.html,Work,Temporary permit,Work in Canada temporarily,Travailler au Canada temporairement,Foreign workers; Work permits; Applications; Indexes
https://www.canada.ca/en/immigration-refugees-citizenship/services/work-canada/extend-permit,https://www.canada.ca/fr/immigration-refugies-citoyennete/services/travailler-canada/prolongation-permis.html,Work,Extend permit,Extend your work permit,Prolonger votre permis de travail,Foreign workers; Work permits; Applications; Indexes
https://www.canada.ca/en/immigration-refugees-citizenship/services/work-canada/iec,https://www.canada.ca/fr/immigration-refugies-citoyennete/services/travailler-canada/eic.html,Work,IEC,Work and travel in Canada with International Experience Canada,,"IEC, International Experience Canada"
https://www.canada.ca/en/immigration-refugees-citizenship/services/work-canada/hire-foreign-worker,https://www.canada.ca/fr/immigration-refugies-citoyennete/services/travailler-canada/embaucher-travailleur-etranger.html,Work,Foreign workrs,Hire foreign workers,Embaucher un travailleur Çtranger,Foreign workers; Employers; Indexes
https://www.canada.ca/en/immigration-refugees-citizenship/services/work-canada/hire-permanent-foreign,https://www.canada.ca/fr/immigration-refugies-citoyennete/services/travailler-canada/embaucher-etranger-permanents.html,Work,Hire permanent foreign workers,Hire a permanent foreign worker,,Foreign workers; Employers; Work permits
https://www.canada.ca/en/immigration-refugees-citizenship/services/work-canada/hire-temporary-foreign,https://www.canada.ca/fr/immigration-refugies-citoyennete/services/travailler-canada/embaucher-etranger-temporaires.html,Work,Hire temporary foreign workers,Hire a temporary foreign worker,Embaucher un travailleur temporaire,Temporary workers; Employers; Work permits
https://www.canada.ca/en/immigration-refugees-citizenship/services/study-canada,https://www.canada.ca/fr/immigration-refugies-citoyennete/services/etudier-canada.html,Study,Landing page,Study in Canada as an international student,,Foreign students; Study permit; Applications; Educational institution s
https://www.canada.ca/en/immigration-refugees-citizenship/services/study-canada/study-permit,https://www.canada.ca/fr/immigration-refugies-citoyennete/services/etudier-canada/permis-etudes.html,Study,Study permit,Study permit: About the process,,Study permit
https://www.canada.ca/en/immigration-refugees-citizenship/services/study-canada/extend-study-permit,https://www.canada.ca/fr/immigration-refugies-citoyennete/services/etudier-canada/prolongation-permis-etudes.html,Study,Extend study permits,Extend your study permit or restore your status: About the process,Faire proroger votre permis d?Çtudes,Foreign students; Study permit; Applications; Educational institutions
https://www.canada.ca/en/immigration-refugees-citizenship/services/study-canada/work,https://www.canada.ca/fr/immigration-refugies-citoyennete/services/etudier-canada/travail.html,Study,Work while studying,Studying and working in Canada as an international student,êtudier et travailler au Canada,Foreign students; Study permit; Work permits
https://www.canada.ca/en/immigration-refugees-citizenship/services/study-canada/educational-institutions,https://www.canada.ca/fr/immigration-refugies-citoyennete/services/etudier-canada/etablissements-enseignement.html,Study,DLI,Designated Learning Institutions in Canada,êtablissements d?enseignement,Foreign students; Study permit; Guardianship; Work permits; Educational institutions
https://www.canada.ca/en/immigration-refugees-citizenship/services/canadian-citizenship,https://www.canada.ca/fr/immigration-refugies-citoyennete/services/citoyennete-canadienne.html,Citizenship,Landing page,Canadian citizenship,,Citizenship; Canadian citizen; Qualifications; Citizenship test
https://www.canada.ca/en/immigration-refugees-citizenship/services/canadian-citizenship/become-canadian-citizen,https://www.canada.ca/fr/immigration-refugies-citoyennete/services/citoyennete-canadienne/devenir-citoyen-canadien.html,Citizenship,Apply for citizenship,Apply for Canadian citizenship,,
https://www.canada.ca/en/immigration-refugees-citizenship/services/canadian-citizenship/proof-citizenship,https://www.canada.ca/fr/immigration-refugies-citoyennete/services/citoyennete-canadienne/preuve-citoyennete.html,Citizenship,Proof of citizenship,Get proof of citizenship,Obtenir une preuve de citoyennetÇ,Citizenship; Canadian citizen; Qualifications; Citizenship test; Proof of citizenship
https://www.canada.ca/en/immigration-refugees-citizenship/services/canadian-citizenship/renounce-canadian-citizenship,https://www.canada.ca/fr/immigration-refugies-citoyennete/services/citoyennete-canadienne/repudiation-citoyennete-canadienne.html,Citizenship,Renounciation,Give up (renounce) Canadian citizenship: About the process,,Citizenship; Canadian citizen; Qualifications; Citizenship test; Renunciation of citizenship
https://www.canada.ca/en/immigration-refugees-citizenship/services/canadian-citizenship/take-part-citizenship,https://www.canada.ca/fr/immigration-refugies-citoyennete/services/citoyennete-canadienne/citoyennete-active.html,Citizenship,Take part,Take part in our citizenship,CitoyennetÇ active,Canadian Residents
https://www.canada.ca/en/immigration-refugees-citizenship/services/new-immigrants,https://www.canada.ca/fr/immigration-refugies-citoyennete/services/nouveaux-immigrants.html,Newcomers,Landing page,For new immigrants,Nouveaux Immigrants,
https://www.canada.ca/en/immigration-refugees-citizenship/services/new-immigrants/learn-about-canada,https://www.canada.ca/fr/immigration-refugies-citoyennete/services/nouveaux-immigrants/apprendre-sujet-canada.html,Newcomers,Get to know Canada,Get to know Canada,Apprendre Öˇ connaåtre le Canada,Permanent residents
https://www.canada.ca/en/immigration-refugees-citizenship/services/new-immigrants/prepare-life-canada,https://www.canada.ca/fr/immigration-refugies-citoyennete/services/nouveaux-immigrants/preparer-vie-canada.html,Newcomers,Prepare for life,Prepare for life in Canada,Se prÇparer Öˇ la vie au Canada,Resettlement
https://www.canada.ca/en/immigration-refugees-citizenship/services/new-immigrants/new-life-canada,https://www.canada.ca/fr/immigration-refugies-citoyennete/services/nouveaux-immigrants/nouvelle-vie-canada.html,Newcomers,Start your life,Start your life in Canada,,Newcomers; Live in Canada
https://www.canada.ca/en/immigration-refugees-citizenship/services/new-immigrants/pr-card,https://www.canada.ca/fr/immigration-refugies-citoyennete/services/nouveaux-immigrants/carte-rp.html,Newcomers,Get PR card,Get a permanent resident card,,
https://www.canada.ca/en/immigration-refugees-citizenship/services/new-immigrants/pr-travel-document,https://www.canada.ca/fr/immigration-refugies-citoyennete/services/nouveaux-immigrants/titre-voyage-rp.html,Newcomers,Get PR travel doc,Permanent resident travel document: About the process,Titre de voyage pour rÇsident permanent,Travel documents; Permanent residents;
https://www.canada.ca/en/immigration-refugees-citizenship/services/canadians,https://www.canada.ca/fr/immigration-refugies-citoyennete/services/canadiens.html,Canadians,Landing page,Immigration and citizenship for Canadians,Pour les Canadiens,Canadian Residents immigration
https://www.canada.ca/en/immigration-refugees-citizenship/services/canadians/adopt-child-abroad,https://www.canada.ca/fr/immigration-refugies-citoyennete/services/canadiens/adopter-enfant-autre-pays.html,Canadians,Adopt child from abroad,Adopt a child from abroad,Adopter un enfant d?un autre pays,Intercountry adoption; Children; Hague Convention
https://www.canada.ca/en/immigration-refugees-citizenship/services/canadians/international-experience-canada,https://www.canada.ca/fr/immigration-refugies-citoyennete/services/canadiens/experience-internationale-canada.html,Canadians,IEC,Work and travel abroad with International Experience Canada,Canadiensˇ: Voyager et travailler Öˇ l?Çtranger avec ExpÇrience internationale Canada,"IEC, EIC, IEC canada, gap year, working holiday visa, working holiday, canadians travel abroad, canadians work abroad, international experience, international work experience, work term abroad, co-op abroad, travel holiday, youth, international experience canada, programs for young canadians, work permit"
https://www.canada.ca/en/immigration-refugees-citizenship/services/canadians/celebrate-being-canadian,https://www.canada.ca/fr/immigration-refugies-citoyennete/services/canadiens/celebrer-fait-etre-canadien.html,Canadians,Celebrate,Celebrate being Canadian,CÇlÇbrer le fait d?àtre Canadien,Citizenship; Oath of citizenship; Rights and responsibilities of citizenship
https://www.canada.ca/en/immigration-refugees-citizenship/services/canadian-passports,https://www.canada.ca/fr/immigration-refugies-citoyennete/services/passeports-canadiens.html,Passport,Landing page,Canadian passports and other travel documents: Applying in Canada,,"passport, Canada, apply, renew, travel document, refugee travel document, certificate of identity, certified true copy, name change, gender identifier, special passport, diplomatic passport, lost passport, stolen passport, passport fraud, passport photo, forms, official travel, child safety, system lookout, processing times, urgent, urgent passport"
https://www.canada.ca/en/immigration-refugees-citizenship/services/canadian-passports/child-passport,https://www.canada.ca/fr/immigration-refugies-citoyennete/services/passeports-canadiens/passeport-enfant.html,Passport,Child passport,How to apply for a child passport in Canada,Demander un passeport pour enfant : Ö propos du processus,"passport, child, adopted, foster child, Canada, Canadian, application, apply, how to apply, about the process, who can apply, after you apply, features, epassport"
https://www.canada.ca/en/immigration-refugees-citizenship/services/canadian-passports/security,https://www.canada.ca/fr/immigration-refugies-citoyennete/services/passeports-canadiens/securite-passeports.html,Passport,Security,Passport security,SÇcuritÇ des passeports,Passport
https://www.canada.ca/en/immigration-refugees-citizenship/services/canadian-passports/new-adult-passport,https://www.canada.ca/fr/immigration-refugies-citoyennete/services/passeports-canadiens/nouveau-passeport-adulte.html,Passport,New adult,How to apply for an adult passport in Canada,Demande de passeport - adultes,"passport, adult, Canada, Canadian, application, apply, how to apply, about the process, who can apply, after you apply, features, epassport"
https://www.canada.ca/en/immigration-refugees-citizenship/services/canadian-passports/renew-adult-passport,https://www.canada.ca/fr/immigration-refugies-citoyennete/services/passeports-canadiens/renouvellement-passeport-adulte.html,Passport,Renew adult,How to renew a passport in Canada,Renouvellement d?un passeport - adultes,"passport, apply, how to apply, application, steps, process, required documents, supporting documents, photo, guarantor, references, submit application, fees, how to submit"
https://www.canada.ca/en/immigration-refugees-citizenship/services/canadian-passports/forms,https://www.canada.ca/fr/immigration-refugies-citoyennete/services/passeports-canadiens/formulaires.html,Passport,Forms,Find a passport or travel document form,,
https://www.canada.ca/en/immigration-refugees-citizenship/services/canadian-passports/processing-times,https://www.canada.ca/fr/immigration-refugies-citoyennete/services/passeports-canadiens/delais-traitement.html,Passport,Processing times,Check passport and travel document service standards,VÇrifier les dÇlais de traitement pour les services de passeport,Passport
https://www.canada.ca/en/immigration-refugees-citizenship/services/canadian-passports/fees,https://www.canada.ca/fr/immigration-refugies-citoyennete/services/passeports-canadiens/frais.html,Passport,Fees,"Pay your fees for a Canadian passport, a travel document or other services","Payer les droits exigÇs pour un passeport canadien, un document de voyage ou d?autres services",Passport
https://www.canada.ca/en/immigration-refugees-citizenship/services/canadian-passports/travel-documents-non-canadians,https://www.canada.ca/fr/immigration-refugies-citoyennete/services/passeports-canadiens/documents-voyage-ne-sont-canadiens.html,Passport,Travel documents,Apply for a travel document for non-Canadians: About the process,Documents de voyage pour les adultes et enfants qui ne sont pas canadiens,Passport
https://www.canada.ca/en/immigration-refugees-citizenship/services/canadian-passports/contact-passport-program,https://www.canada.ca/fr/immigration-refugies-citoyennete/services/passeports-canadiens/communiquer-programme-passeport.html,Passport,Contact,Contact the Passport Program,,
https://www.canada.ca/en/immigration-refugees-citizenship/services/canadian-passports/help-centre,https://www.canada.ca/fr/immigration-refugies-citoyennete/services/passeports-canadiens/centre-aide.html,Passport,Help centre,Passport Help Centre,Centre d?aide du Programme de passeport,Passport
https://www.canada.ca/en/immigration-refugees-citizenship/services/canadian-passports/official-travel,https://www.canada.ca/fr/immigration-refugies-citoyennete/services/passeports-canadiens/voyages-officiels.html,Passport,Official tracel,Official travel: Passports for people travelling on Government of Canada business,,
https://www.canada.ca/en/immigration-refugees-citizenship/services/refugees,https://www.canada.ca/fr/immigration-refugies-citoyennete/services/refugies.html,Refugees,Landing page,Refugees and asylum,RÇfugiÇs et demandes d?asile,Refugees; Refugee protection; Sponsorship;  World Refugee Day; WRD
https://www.canada.ca/en/immigration-refugees-citizenship/services/refugees/canada-role,https://www.canada.ca/fr/immigration-refugies-citoyennete/services/refugies/role-canada.html,Refugees,How the system works,How Canada?s refugee system works,Fonctionnement du systäme canadien de protection des rÇfugiÇs,Refugees; Refugee protection; Sponsorship
https://www.canada.ca/en/immigration-refugees-citizenship/services/refugees/asylum-claims,https://www.canada.ca/fr/immigration-refugies-citoyennete/services/refugies/demandes-asile.html,Refugees,Asylum claims,Refugee claims by year,Demandes d?asile,Refugees; Refugee protection; Sponsorship
https://www.canada.ca/en/immigration-refugees-citizenship/services/refugees/claim-protection-inside-canada,https://www.canada.ca/fr/immigration-refugies-citoyennete/services/refugies/presenter-demande-asile-canada.html,Refugees,Asylum claims from inside Canada,Claim refugee status from inside Canada: About the process,,Refugees; Refugee claims; Applications
https://www.canada.ca/en/immigration-refugees-citizenship/services/refugees/help-within-canada,https://www.canada.ca/fr/immigration-refugies-citoyennete/services/refugies/aide-partir-canada.html,Refugees,Services for refugees,Find refugee services in Canada,Obtenir de l?aide Öˇ partir du Canada,Refugees; Refugee protection; Sponsorship
https://www.canada.ca/en/immigration-refugees-citizenship/services/refugees/help-outside-canada,https://www.canada.ca/fr/immigration-refugies-citoyennete/services/refugies/aide-exterieur-canada.html,Refugees,Resettle in Canada as a refugee,Resettle in Canada as a refugee,RÇinstallation depuis l?extÇrieur du Canada,Refugees; Resettlement Assistance Program; Refugee sponsorship
https://www.canada.ca/en/immigration-refugees-citizenship/services/refugees/help-outside-canada/private-sponsorship-program,https://www.canada.ca/fr/immigration-refugies-citoyennete/services/refugies/aide-exterieur-canada/programme-parrainage-prive.html,Refugees,Private sponsorship,Sponsor a refugee,Parrainer un rÇfugiÇ,Refugees; Applications; Refugee sponsorship
https://www.canada.ca/en/immigration-refugees-citizenship/services/refugees/help-outside-canada/government-assisted-refugee-program,https://www.canada.ca/fr/immigration-refugies-citoyennete/services/refugies/aide-exterieur-canada/programme-refugies-pris-charge-gouvernement.html,Refugees,GAR,Government-Assisted Refugees program,Programme des rÇfugiÇs pris en charge par le gouvernement,Refugees; Resettlement Assistance Program; Refugee sponsorship
https://www.canada.ca/en/immigration-refugees-citizenship/services/refugees/welcome-syrian-refugees,https://www.canada.ca/fr/immigration-refugies-citoyennete/services/refugies/bienvenue-refugies-syrien.html,Refugees,#WelcomeRefugees,#WelcomeRefugees: Canada resettled Syrian refugees,#BienvenueauxrÇfugiÇs : Le Canada a procÇdÇ Öˇ la rÇinstallation de rÇfugiÇs syriens,Refugees; Refugee protection; Sponsorship;
https://www.canada.ca/en/immigration-refugees-citizenship/services/refugees/healthcare-workers-permanent-residence,https://www.canada.ca/fr/immigration-refugies-citoyennete/services/refugies/residence-permanente-secteur-sante.html,Refugees,Health-care workers pr pathway,Health-care workers permanent residence pathway: About the public policies,Voie d?accäs Öˇ la rÇsidence permanente des travailleurs de la santÇ : Au sujet des politiques d?intÇràt public,public policy; healthcare; pandemic; permanent residence; guardian angel; health-care; health care: covid-19; coronavirus
https://www.canada.ca/en/immigration-refugees-citizenship/services/refugees/afghanistan,https://www.canada.ca/fr/immigration-refugies-citoyennete/services/refugies/afghanistan.html,Refugees,Afghanistan,Canada?s response to the situation in Afghanistan,RÇinstaller les Afghans qui ont aidÇ le Canada,"Afghanistan, canada, political, condition, situation, response, "
https://www.canada.ca/en/immigration-refugees-citizenship/services/refugees/afghanistan/immigrate-family-language-cultural-advisors,https://www.canada.ca/fr/immigration-refugies-citoyennete/services/refugies/afghanistan/immigrer-famille-conseillers-linguistiques-culturels.html,Refugees,Afghanistan,Permanent residence for extended family of former language and cultural advisors: About the new public policy,Immigrer en tant que membres de la famille Çlargie d?anciens conseillers linguistiques et culturels : Ö propos de la politique d?intÇràt public mise Öˇ jour,"Afghanistan, permanent residence, immigration, family "
https://www.canada.ca/en/immigration-refugees-citizenship/services/refugees/economic-mobility-pathways-pilot,https://www.canada.ca/fr/immigration-refugies-citoyennete/services/refugies/pilote-voie-acces-mobilite-economique.html,Refugees,EMPP,Economic Mobility Pathways Pilot,Projet pilote sur la voie d?accäs Öˇ la mobilitÇ Çconomique : Ö propos du projet pilote,"refugees, economic immigration, permanent residence, EMPP, Economic Mobility Pathways Pilot"
https://www.canada.ca/en/immigration-refugees-citizenship/services/refugees/economic-mobility-pathways-pilot/immigrate,https://www.canada.ca/fr/immigration-refugies-citoyennete/services/refugies/pilote-voie-acces-mobilite-economique/immigrer.html,Refugees,EMPP,Immigrate through the Economic Mobility Pathways Pilot: How the pilot works,Immigrer dans le cadre du Projet pilote sur la voie d?accäs Öˇ la mobilitÇ Çconomique : Comment fonctionne le Projet pilote,"refugees, economic immigration, permanent residence, EMPP, Economic Mobility Pathways Pilot"
https://www.canada.ca/en/immigration-refugees-citizenship/services/immigration-citizenship-representative,https://www.canada.ca/fr/immigration-refugies-citoyennete/services/representant-immigration-citoyennete.html,Using an immigration and citizenship representative,Landing page,Using an immigration and citizenship representative,Recourir aux services d?un reprÇsentant en immigration et en citoyennetÇ,Consultants; Immigration agents; Immigration consultants; Indexes
https://www.canada.ca/en/immigration-refugees-citizenship/services/protect-fraud,https://www.canada.ca/fr/immigration-refugies-citoyennete/services/proteger-fraude.html,Fraud,Landing page,Protect yourself from immigration fraud,ProtÇgez-vous contre la fraude,Citizenship; Immigration
https://www.canada.ca/en/immigration-refugees-citizenship/services/come-canada-tool,https://www.canada.ca/fr/immigration-refugies-citoyennete/services/outil-venir-canada.html,Come to canada,Landing page,"Do you want to come to Canada, or extend your stay?",Voulez-vous venir au Canada ou prolonger votre sÇjour?,Come to Canada
https://www.canada.ca/en/immigration-refugees-citizenship/services/enforcement-violations-revoking-citizenship,https://www.canada.ca/fr/immigration-refugies-citoyennete/services/application-loi-infractions-revocation-citoyennete.html,Enforcement of violations,Landing page,Revoking citizenship,RÇvoquer la citoyennetÇ,Revoking citizenship
https://www.canada.ca/en/immigration-refugees-citizenship/services/ai-symposium,https://www.canada.ca/fr/immigration-refugies-citoyennete/services/symposium-ia.html,Symposium on Algorithmic Government,Landing page,Symposium on Algorithmic Government,Symposium sur l?Algorithmique gouvernementale,
https://www.canada.ca/en/immigration-refugees-citizenship/services/coronavirus-covid19,https://www.canada.ca/fr/immigration-refugies-citoyennete/services/coronavirus-covid19.html,COVID-19,Landing page,How the coronavirus disease (COVID-19) is affecting immigration and refugees,Mesures spÇciales pour aider les rÇsidents temporaires et permanents et les demandeurs touchÇs par le nouveau coronavirus,"novel coronavirus, covid-19, coronavirus, special measures"
https://www.canada.ca/en/immigration-refugees-citizenship/services/metropolis-about,https://www.canada.ca/fr/immigration-refugies-citoyennete/services/metropolis-a-propos.html,Metropolis,Landing page,International Metropolis Conference 2019: About the conference,Congräs international MÇtropolis : Ö propos du congräs,"Video; IRCC, International Metropolis Conference 2019, IMC2019, about, Migration, the promise of migration, ottawa, immigration conference, workshops, report"
https://www.canada.ca/en/immigration-refugees-citizenship/services/sudan2023,https://www.canada.ca/fr/immigration-refugies-citoyennete/services/soudan2023.html,Sudan,Landing page,Temporary measures for Sudanese nationals in Canada,êvacuation du Soudan pour les membres de la famille des citoyens canadiens et des rÇsidents permanents,"Sudan crisis, Sudan, sudan"
https://www.canada.ca/en/immigration-refugees-citizenship/corporate,https://www.canada.ca/fr/immigration-refugies-citoyennete/organisation.html,Corporate,Landing page,Corporate information,,
https://www.canada.ca/en/immigration-refugees-citizenship/corporate/mandate,https://www.canada.ca/fr/immigration-refugies-citoyennete/organisation/mandat.html,Corporate,Mandate,"Mandate - Immigration, Refugees and Citizenship Canada",Mandat,
https://www.canada.ca/en/immigration-refugees-citizenship/corporate/mandate/acts-regulations,https://www.canada.ca/fr/immigration-refugies-citoyennete/organisation/mandat/lois-reglements.html,Corporate,Acts and regulations,"Acts and Regulations - Immigration, Refugees and Citizenship Canada",Lois et räglements d'IRCC,Regulations; Policy; Immigration and Refugee Protection Act; Citizenship Act; Sustainable Development
https://www.canada.ca/en/immigration-refugees-citizenship/corporate/mandate/acts-regulations/forward-regulatory-plan,https://www.canada.ca/fr/immigration-refugies-citoyennete/organisation/mandat/lois-reglements/plan-prospectif-reglementation.html,Corporate,FRP,Forward regulatory plan,Plan de rÇglementationˇ: 2017-2019,Regulations; Policy; Immigration and Refugee Protection Act; Citizenship Act; Sustainable Development
https://www.canada.ca/en/immigration-refugees-citizenship/corporate/mandate/corporate-initiatives,https://www.canada.ca/fr/immigration-refugies-citoyennete/organisation/mandat/initiatives-ministerielles.html,Corporate,Initatives,Corporate initiatives,Initiatives ministÇrielles,Citizenship and Immigration Canada Web Site
https://www.canada.ca/en/immigration-refugees-citizenship/corporate/mandate/service-declaration/service-standards,https://www.canada.ca/fr/immigration-refugies-citoyennete/organisation/mandat/declaration-service/normes-service.html,Corporate,Service standards,"Immigration, Refugees and Citizenship Canada service standards","Normes de service pour Immigration, RÇfugiÇs et CitoyennetÇ Canada (IRCC)",Mandate; Government services; Immigration; Refugees
https://www.canada.ca/en/immigration-refugees-citizenship/corporate/mandate/citizenship-commission,https://www.canada.ca/fr/immigration-refugies-citoyennete/organisation/mandat/commission-citoyennete.html,Corporate,Citizenship Commission,Citizenship Commission,La Commission de la citoyennetÇ,Mandate; Citizenship judges; Citizenship court
https://www.canada.ca/en/immigration-refugees-citizenship/corporate/mandate/policies-operational-instructions-agreements,https://www.canada.ca/fr/immigration-refugies-citoyennete/organisation/mandat/politiques-directives-operationnelles-ententes-accords.html,Corporate,"Policies, ministerial instructions, and agreements","Policies, ministerial instructions, and agreements",Politiques Directives Operationnelles Ententes Accords,
https://www.canada.ca/en/immigration-refugees-citizenship/corporate/mandate/policies-operational-instructions-agreements/ministerial-instructions,https://www.canada.ca/fr/immigration-refugies-citoyennete/organisation/mandat/politiques-directives-operationnelles-ententes-accords/instructions-ministerielles.html,Corporate,Ministerial Instructions,Ministerial Instructions,Instructions Ministerielles,
https://www.canada.ca/en/immigration-refugees-citizenship/corporate/mandate/policies-operational-instructions-agreements/public-policies,https://www.canada.ca/fr/immigration-refugies-citoyennete/organisation/mandat/politiques-directives-operationnelles-ententes-accords/politiques-interet-public.html,Corporate,Public policies,Public policies,Politiques d?intÇràt public,
https://www.canada.ca/en/immigration-refugees-citizenship/corporate/mandate/anti-racism-strategy,https://www.canada.ca/fr/immigration-refugies-citoyennete/organisation/mandat/strategie-lutte-contre-racisme.html,Corporate,Anti racism,"Immigration, Refugees and Citizenship Canada (IRCC) Anti-Racism Strategy 2.0 (2021-2024)","Immigration, RÇfugiÇs et CitoyennetÇ Canada (IRCC) StratÇgie de lutte contre le racisme 2.0  2021-2024","inclusivity, anti-racism, diversity"
https://www.canada.ca/en/immigration-refugees-citizenship/corporate/mandate/stronger-immigration-system,https://www.canada.ca/fr/immigration-refugies-citoyennete/organisation/mandat/systeme-immigration-plus-fort.html,Corporate,Stronger immigration system,Building a stronger immigration system,BÉtir un systäme d?immigration plus fort,"IRCC, immigration, benefits of immigration, inventories, backlogs, reducing backlog, performance, temporary residence, permanent residence, citizenship, temporary resident visas, study permits, work permits"
https://www.canada.ca/en/immigration-refugees-citizenship/corporate/minister,https://www.canada.ca/fr/immigration-refugies-citoyennete/organisation/ministre.html,Corporate,Minister,The Honourable Sean Fraser,"L?honorable Ahmed D. Hussen, dÇputÇ",Government officials; Biographies; Minister of Citizenship and Immigration Canada
https://www.canada.ca/en/immigration-refugees-citizenship/corporate/deputy-ministers,https://www.canada.ca/fr/immigration-refugies-citoyennete/organisation/sous-ministres.html,Corporate,Deputy Minister,"The Deputy Ministers - Immigration, Refugees and Citizenship Canada",Les sous-ministres,Government officials; Biographies; Minister of Citizenship and Immigration Canada
https://www.canada.ca/en/immigration-refugees-citizenship/corporate/contact-ircc,https://www.canada.ca/fr/immigration-refugies-citoyennete/organisation/contactez-ircc.html,Corporate,Contact IRCC,"Contact Immigration, Refugees and Citizenship Canada","Contactez Immigration, RÇfugies et CitoyennetÇ Canada","Contact us, IRCC, Immigration, Refugees, Citizenship"
https://www.canada.ca/en/immigration-refugees-citizenship/corporate/contact-ircc/web-form,https://www.canada.ca//fr/immigration-refugies-citoyennete/organisation/contactez-ircc/formulaire-web.html,Corporate,Web form,IRCC Web form,,
https://www.canada.ca/en/immigration-refugees-citizenship/corporate/contact-ircc/offices,https://www.canada.ca/fr/immigration-refugies-citoyennete/organisation/contactez-ircc/bureaux.html,Corporate,IRCC Offices,"Immigration, Refugees and Citizenship Canada (IRCC) Offices","Bureaux d?Immigration, RÇfugiÇs et CitoyennetÇ Canada (IRCC)",Diplomatic missions; Visas; Points of service abroad; Directories
https://www.canada.ca/en/immigration-refugees-citizenship/corporate/terms-conditions,https://www.canada.ca/fr/immigration-refugies-citoyennete/organisation/avis.html,Corporate,T&Cs,"Terms and conditions - Immigration, Refugees and Citizenship Canada","Immigration, RÇfugiÇs et CitoyennetÇ Canada (IRCC) - Avis",Privacy; Official languages; Web sites; Fraud
https://www.canada.ca/en/immigration-refugees-citizenship/corporate/partners-service-providers,https://www.canada.ca/fr/immigration-refugies-citoyennete/organisation/partenaires-fournisseurs-services.html,Corporate,Partners and service providers,"Partners and service providers - Immigration, Refugees and Citizenship Canada",Partenaires et fournisseurs de services,Information; Orientation; Settlement services; Settlement programs; Hosting programs
https://www.canada.ca/en/immigration-refugees-citizenship/corporate/partners-service-providers/authorized-paid-representatives-portal,https://www.canada.ca/fr/immigration-refugies-citoyennete/organisation/partenaires-fournisseurs-services/portail-representants-remuneres-autorises.html,Corporate,"Authorized Paid Representatives Portal - Immigration, Refugees and Citizenship Canada","Authorized Paid Representatives Portal - Immigration, Refugees and Citizenship Canada",Portail des reprÇsentants rÇmunÇrÇs autorisÇs,Government On-Line; Applications; Work permits
https://www.canada.ca/en/immigration-refugees-citizenship/corporate/partners-service-providers/immigrant-serving-organizations,https://www.canada.ca/fr/immigration-refugies-citoyennete/organisation/partenaires-fournisseurs-services/organismes-aide-immigrants.html,Corporate,Immigrant-serving organizations,Immigrant-serving organizations,Organismes d?aide aux immigrants,Service provider organizations; Funding; Community involvement
https://www.canada.ca/en/immigration-refugees-citizenship/corporate/partners-service-providers/panel-physicians,https://www.canada.ca/fr/immigration-refugies-citoyennete/organisation/partenaires-fournisseurs-services/medecins-designes.html,Corporate,Panel physicians,Panel physicians,MÇdecins dÇsignÇs,Designated Medical Practitioners; Service provider organizations; Funding; Community involvement
https://www.canada.ca/en/immigration-refugees-citizenship/corporate/partners-service-providers/funding,https://www.canada.ca/fr/immigration-refugies-citoyennete/organisation/partenaires-fournisseurs-services/financement.html,Corporate,Funding for settlement,Learn about funding processes for settlement services,Financement,Mandate; Government services; Immigration; Indexes
https://www.canada.ca/en/immigration-refugees-citizenship/corporate/partners-service-providers/dli-portal,https://www.canada.ca/fr/immigration-refugies-citoyennete/organisation/partenaires-fournisseurs-services/portail-eed.html,Corporate,DLI portal,Access the Designated Learning Institution Portal,Accäs au Portail pour les Çtablissements d?enseignement dÇsignÇs,Foreign students; Study permit; Educational institutions
https://www.canada.ca/en/immigration-refugees-citizenship/corporate/publications-manuals,https://www.canada.ca/fr/immigration-refugies-citoyennete/organisation/publications-guides.html,Publications,Publications and manuals,Publications and Manuals,Publications Guides,
https://www.canada.ca/en/immigration-refugees-citizenship/corporate/publications-manuals/operational-bulletins-manuals,https://www.canada.ca/fr/immigration-refugies-citoyennete/organisation/publications-guides/bulletins-guides-operationnels.html,PDI,Operational instructions and guidelines,"Operational instructions and guidelines - Immigration, Refugees and Citizenship Canada",Bulletins Guides Operationnels,
https://www.canada.ca/en/immigration-refugees-citizenship/corporate/publications-manuals/operational-bulletins-manuals/fees,https://www.canada.ca/fr/immigration-refugies-citoyennete/organisation/publications-guides/bulletins-guides-operationnels/frais.html,PDI,Fees,Fees collection,Frais et recouvrement des coñts,zzzKeywords
https://www.canada.ca/en/immigration-refugees-citizenship/corporate/publications-manuals/operational-bulletins-manuals/identity-management,https://www.canada.ca/fr/immigration-refugies-citoyennete/organisation/publications-guides/bulletins-guides-operationnels/gestion-identite.html,PDI,Identity management,Identity management,Gestion de l?identitÇ,Identity management
https://www.canada.ca/en/immigration-refugees-citizenship/corporate/publications-manuals/operational-bulletins-manuals/interview,https://www.canada.ca/fr/immigration-refugies-citoyennete/organisation/publications-guides/bulletins-guides-operationnels/entrevue.html,PDI,Interviews and interpreters,Interviews and interpreters,Entrevues et interprätes,"interviews, interpreters"
https://www.canada.ca/en/immigration-refugees-citizenship/corporate/publications-manuals/operational-bulletins-manuals/refugee-protection,https://www.canada.ca/fr/immigration-refugies-citoyennete/organisation/publications-guides/bulletins-guides-operationnels/demandes-asile.html,PDI,Refugee protection,Refugee protection,,Refugee protection
https://www.canada.ca/en/immigration-refugees-citizenship/corporate/publications-manuals/operational-bulletins-manuals/refugee-protection/resettlement,https://www.canada.ca/fr/immigration-refugies-citoyennete/organisation/publications-guides/bulletins-guides-operationnels/demandes-asile/reinstallation.html,PDI,Resettlement,Refugee resettlement (REF-OVS-1),RÇinstallation Öˇ partir de l?Çtranger,"government assisted refugees, GAR, private sponsorship of refugees, PSR, overseas "
https://www.canada.ca/en/immigration-refugees-citizenship/corporate/publications-manuals/operational-bulletins-manuals/service-delivery,https://www.canada.ca/fr/immigration-refugies-citoyennete/organisation/publications-guides/bulletins-guides-operationnels/prestation-services.html,PDI,Service delivery,Service delivery,Prestation de services,"Legal, service delivery, loans"
https://www.canada.ca/en/immigration-refugees-citizenship/corporate/publications-manuals/operational-bulletins-manuals/standard-requirements,https://www.canada.ca/fr/immigration-refugies-citoyennete/organisation/publications-guides/bulletins-guides-operationnels/exigences-normalisees.html,PDI,Standard requirements for applicants,Standard requirements for applicants,Exigences normalisÇes s?appliquant aux demandeurs,Department of Citizenship and Immigration
https://www.canada.ca/en/immigration-refugees-citizenship/corporate/publications-manuals/operational-bulletins-manuals/canadian-citizenship,https://www.canada.ca/fr/immigration-refugies-citoyennete/organisation/publications-guides/bulletins-guides-operationnels/citoyennete-canadienne.html,PDI,Canadian Citizenship,Canadian Citizenship,Citoyennete Canadienne,
https://www.canada.ca/en/immigration-refugees-citizenship/corporate/publications-manuals/operational-bulletins-manuals/permanent-residence,https://www.canada.ca/fr/immigration-refugies-citoyennete/organisation/publications-guides/bulletins-guides-operationnels/resdience-permanente.html,PDI,Permanent Residence,Permanent Residence,Resdience Permanente,
https://www.canada.ca/en/immigration-refugees-citizenship/corporate/publications-manuals/operational-bulletins-manuals/temporary-residents,https://www.canada.ca/fr/immigration-refugies-citoyennete/organisation/publications-guides/bulletins-guides-operationnels/residents-temporaires.html,PDI,Temporary Residents,Temporary Residents,Residents Temporaires,
https://www.canada.ca/en/immigration-refugees-citizenship/corporate/publications-manuals/operational-bulletins-manuals/updates,https://www.canada.ca/fr/immigration-refugies-citoyennete/organisation/publications-guides/bulletins-guides-operationnels/mises-a-jour.html,PDI,Updates (PDUs),Updates,Mises A Jour,
https://www.canada.ca/en/immigration-refugees-citizenship/corporate/publications-manuals/departmental-performance-reports,https://www.canada.ca/fr/immigration-refugies-citoyennete/organisation/publications-guides/rapports-ministeriel-rendement.html,Publications,DPP,Departmental Results Reports,Rapport ministÇriel sur le rendement,Refugee; Refugee sponsorship; Resettlement; Private sponsorship
https://www.canada.ca/en/immigration-refugees-citizenship/corporate/publications-manuals/report-plans-priorities,https://www.canada.ca/fr/immigration-refugies-citoyennete/organisation/publications-guides/rapport-plans-priorites.html,Publications,RPP,Reports on Plans and Priorities,Rapports sur les plans et les prioritÇs,Department of Citizenship and Immigration
https://www.canada.ca/en/immigration-refugees-citizenship/corporate/publications-manuals/discover-canada,https://www.canada.ca/fr/immigration-refugies-citoyennete/organisation/publications-guides/decouvrir-canada.html,Publications,Discover Canada,Study Guide - Discover Canada - The Rights and Responsibilities of Citizenship,Guide d?Çtude - DÇcouvrir le Canada Les droits et responsabilitÇs liÇs Öˇ la citoyennetÇ,Citizenship; Citizenship education; Teaching resources; Handbooks
https://www.canada.ca/en/immigration-refugees-citizenship/corporate/reports-statistics,https://www.canada.ca/fr/immigration-refugies-citoyennete/organisation/rapports-statistiques.html,Reports and statistics,Landing page,"Reports and statistics - Immigration, Refugees and Citizenship Canada",Rapports Statistiques,
https://www.canada.ca/en/immigration-refugees-citizenship/corporate/reports-statistics/audits,https://www.canada.ca/fr/immigration-refugies-citoyennete/organisation/rapports-statistiques/verifications.html,Reports and statistics,Audit reports,"Audits - Immigration, Refugees and Citizenship Canada",Verifications,
https://www.canada.ca/en/immigration-refugees-citizenship/corporate/reports-statistics/evaluations,https://www.canada.ca/fr/immigration-refugies-citoyennete/organisation/rapports-statistiques/evaluations.html,Reports and statistics,Evaluations,"Program evaluations - Immigration, Refugees and Citizenship Canada",Evaluations,
https://www.canada.ca/en/immigration-refugees-citizenship/corporate/transparency,https://www.canada.ca/fr/immigration-refugies-citoyennete/organisation/transparence.html,Corporate,Transparency,Transparency,Transparence,
https://www.canada.ca/en/immigration-refugees-citizenship/corporate/transparency/access-information-privacy,https://www.canada.ca/fr/immigration-refugies-citoyennete/organisation/transparence/acces-information-protection.html,Corporate,ATIP,Access to information and privacy,Accäs Öˇ l?information et protection des renseignements personnels,Access to information; Privacy; Record searches
https://www.canada.ca/en/immigration-refugees-citizenship/corporate/transparency/program-terms-conditions,https://www.canada.ca/fr/immigration-refugies-citoyennete/organisation/transparence/modalites-programmes.html,Corporate,Program Terms and Conditions,Program Terms and Conditions,ModalitÇs des programmes,"Transparency, Contract Terms and Conditions"
https://www.canada.ca/en/immigration-refugees-citizenship/corporate/transparency/contract-terms-conditions,https://www.canada.ca/fr/immigration-refugies-citoyennete/organisation/transparence/modalites-contrats.html,Corporate,Contract Terms and Conditions,Contract Terms and Conditions,ModalitÇs des contrats,"Transparency, Contract Terms and Conditions"
https://www.canada.ca/en/immigration-refugees-citizenship/corporate/transparency/consultations,https://www.canada.ca/fr/immigration-refugies-citoyennete/organisation/transparence/consultations.html,Corporate,Consultations,"Public consultations - Immigration, Refugees and Citizenship Canada",Consultations,"IRCC, public consultations, public engagement"
https://www.canada.ca/en/immigration-refugees-citizenship/corporate/transparency/proactive-disclosure,https://www.canada.ca/fr/immigration-refugies-citoyennete/organisation/transparence/divulgation-proactive.html,Corporate,Proactive disclosure,Proactive Disclosure,Divulgation proactive,Expenditures; Contracts; Government finance; Government officials
https://www.canada.ca/en/immigration-refugees-citizenship/corporate/transparency/transition-binders,https://www.canada.ca/fr/immigration-refugies-citoyennete/organisation/transparence/cahiers-transition.html,Corporate,Transition binders,IRCC Transition Binders,Cahiers de transition d?IRCC,transition binder
https://www.canada.ca/en/immigration-refugees-citizenship/corporate/transparency/committees,https://www.canada.ca/fr/immigration-refugies-citoyennete/organisation/transparence/comites.html,Corporate,Committee Appearances,Committee Appearances,CIMM - Comparutions devant les comitÇs parlementaires,"Standing Committee on Citizenship and Immigration, CIMM"
https://www.canada.ca/en/immigration-refugees-citizenship/corporate/careers,https://www.canada.ca/fr/immigration-refugies-citoyennete/organisation/carrieres.html,Corporate,Careers,"Careers at Immigration, Refugees and Citizenship Canada",Carriäres Öˇ CIC,Information; Citizenship; Immigration; Refugees; Careers
https://www.canada.ca/en/immigration-refugees-citizenship/corporate/accessibility,https://www.canada.ca/fr/immigration-refugies-citoyennete/organisation/accessibilite.html,Corporate,Accessibility,Accessibility at IRCC,AccessibilitÇ Öˇ IRCC,"IRCC, accessibility, feedback, plan"
https://www.canada.ca/en/immigration-refugees-citizenship/campaigns,https://www.canada.ca/fr/immigration-refugies-citoyennete/campagnes.html,Campaigns,Landing page,Campaigns and promotions,Campagnes et activitÇs promotionnelles,
https://www.canada.ca/en/immigration-refugees-citizenship/campaigns/canada-future-immigration-system,https://www.canada.ca/fr/immigration-refugies-citoyennete/campagnes/avenir-systeme-immigration-canada.html,Campaigns,An immigration system for Canada,An immigration system for Canada?s future: Strengthening our communities,Un systäme d?immigration pour l?avenir du Canada : Renforcer nos communautÇs,"IRCC, immigration; public consultations; canada's immigration system; online survey"
https://www.canada.ca/en/immigration-refugees-citizenship/campaigns/claiming-asylum,https://www.canada.ca/fr/immigration-refugies-citoyennete/campagnes/demander-asile.html,Campaigns,Claiming Asylum in Canada,Claiming Asylum in Canada,Demander l'asile au Canada,"asylum, claim, risks, requirements, fraud, claim at border"
https://www.canada.ca/en/immigration-refugees-citizenship/campaigns/tr-pr,https://www.canada.ca/fr/immigration-refugies-citoyennete/campagnes/rt-rp.html,Campaigns,Temporary resident to permanent resident pathway,Temporary resident to permanent resident pathway,Temporary resident to permanent resident pathway,"TR to PR Pathway, pathway, essential worker, health care, graduates, PGWPP, public policy"
https://www.canada.ca/en/immigration-refugees-citizenship/campaigns/hire-immigrants,https://www.canada.ca/fr/immigration-refugies-citoyennete/campagnes/embauchez-immigrants.html,Campaigns,Hire immigrants,Hire immigrants How to access global talent,Trousse d?outils : Les employeurs canadiens qui embauchent des travailleurs Çtrangers,Economic immigration campaign
https://www.canada.ca/en/immigration-refugees-citizenship/campaigns/choose-canada,https://www.canada.ca/fr/immigration-refugies-citoyennete/campagnes/choisir-canada.html,Campaigns,Choose Canada,Choose Canada,Choisir le Canada,Immigrate; Express Entry;
https://www.canada.ca/en/immigration-refugees-citizenship/campaigns/francophone-immigration-outside-quebec,https://www.canada.ca/fr/immigration-refugies-citoyennete/campagnes/immigration-francophone-hors-quebec.html,Campaigns,Francophone immigration,Immigrate to a Francophone community outside Quebec,,Francophone immigration
https://www.canada.ca/en/immigration-refugees-citizenship/campaigns/irregular-border-crossings-asylum,https://www.canada.ca/fr/immigration-refugies-citoyennete/campagnes/passage-irreguliers-frontiere-asile.html,Campaigns,Irregular border crossings and asylum in Canada,Irregular border crossings and asylum in Canada,,Refugees; Refugee claims; Applications;
https://www.canada.ca/en/immigration-refugees-citizenship/campaigns/biometrics,https://www.canada.ca/fr/immigration-refugies-citoyennete/campagnes/biometrie.html,Campaigns,Biometrics,Biometrics expansion,Expansion de la biomÇtrie,"Ö? partir de l?ÇtÇ 2018, lorsque vous prÇsenterez une demande de visa de visiteur, de permis d?Çtudes ou de travail (Öˇ l?exception des ressortissants amÇricains) ou de rÇsidence permanente, vous devrez fournir vos empreintes digitales ainsi qu?une photo."
https://www.canada.ca/en/immigration-refugees-citizenship/campaigns/immigration-matters,https://www.canada.ca/fr/immigration-refugies-citoyennete.html,Campaigns,Immigration matters,#ImmigrationMatters,L?immigration áa compte,"immigration, immigrant, IRCC, success stories, benefits of immigration, immigration facts, local economy, local immigration, Immigration Matters, #ImmigrationMatters, Immigration Canada, Canada?s immigration system, contributions of immigrants, famous immigrants, immigration facts, Canada, CIC"
https://www.canada.ca/en/immigration-refugees-citizenship/campaigns/india-visa,https://www.canada.ca/fr/immigration-refugies-citoyennete/campagnes/inde-visa.html,Campaigns,India visa,Before you apply to come to Canada from India,Partir de l?Inde pour venir au Canada,"India, Canada, apply online, visit, fraud, scams, representatives, consultants, authorized, visitor visa, temporary resident visa, TRV, student, visitor"
